ISO-10303-21;
HEADER;
FILE_DESCRIPTION(('STEP AP242'),
    '1');
FILE_NAME('Основание для матрицы',
    '',
    ('UNSPECIFIED'),
    ('UNSPECIFIED'),
    'C3D Converter',
    'C3D Toolkit',
    '');
FILE_SCHEMA(('AP242_MANAGED_MODEL_BASED_3D_ENGINEERING_MIM_LF { 1 0 10303 442 1 1 4 }'));
ENDSEC;

DATA;
#1=PRODUCT_DEFINITION('','UNSPECIFIED',#28,#31);
#2=SHAPE_DEFINITION_REPRESENTATION(#26,#3);
#3=SHAPE_REPRESENTATION('NONE',(#4),#8);
#4=AXIS2_PLACEMENT_3D('',#5,#6,#7);
#5=CARTESIAN_POINT('',(0.,0.,0.));
#6=DIRECTION('',(0.,0.,1.));
#7=DIRECTION('',(1.,0.,0.));
#8=(GEOMETRIC_REPRESENTATION_CONTEXT(3)GLOBAL_UNCERTAINTY_ASSIGNED_CONTEXT((#10))
GLOBAL_UNIT_ASSIGNED_CONTEXT((#9,#11,#12))REPRESENTATION_CONTEXT('NONE','NONE'));
#9=(LENGTH_UNIT()NAMED_UNIT(*)SI_UNIT(.MILLI.,.METRE.));
#10=UNCERTAINTY_MEASURE_WITH_UNIT(LENGTH_MEASURE(1.E-5),#9,'NONE','NONE');
#11=(NAMED_UNIT(*)PLANE_ANGLE_UNIT()SI_UNIT($,.RADIAN.));
#12=(NAMED_UNIT(*)SI_UNIT($,.STERADIAN.)SOLID_ANGLE_UNIT());
#13=MANIFOLD_SOLID_BREP('',#14);
#14=CLOSED_SHELL('',(#53,#62,#71,#80,#89,#98,#107,#116,#125,#134,#143,#152,#161,
#170,#179,#188,#197,#206,#215,#224,#233,#242,#251,#260,#269,#278,#287,#296,#305,
#314,#323,#332,#341,#350,#359,#368,#377,#386,#395,#404,#413,#422,#431,#440,#449,
#458,#467,#476,#485,#494,#503,#512,#521,#530,#539,#548,#557,#566,#575,#584,#593,
#602,#611,#620,#629,#638,#647,#656,#665,#674,#683,#692,#701,#710,#719,#728,#737,
#746,#755,#764,#773,#782,#791,#800,#809,#818));
#15=COLOUR_RGB('',0.564705882352941,0.564705882352941,0.564705882352941);
#16=FILL_AREA_STYLE_COLOUR('',#15);
#17=FILL_AREA_STYLE($,(#16));
#18=SURFACE_STYLE_FILL_AREA(#17);
#19=SURFACE_SIDE_STYLE('',(#18));
#20=SURFACE_STYLE_USAGE(.BOTH.,#19);
#21=PRESENTATION_STYLE_ASSIGNMENT((#20));
#22=MECHANICAL_DESIGN_GEOMETRIC_PRESENTATION_REPRESENTATION('NONE',(#23,#61,#70,
#79,#88,#97,#106,#115,#124,#133,#142,#151,#160,#169,#178,#187,#196,#205,#214,#223,
#232,#241,#250,#259,#268,#277,#286,#295,#304,#313,#322,#331,#340,#349,#358,#367,
#376,#385,#394,#403,#412,#421,#430,#439,#448,#457,#466,#475,#484,#493,#502,#511,
#520,#529,#538,#547,#556,#565,#574,#583,#592,#601,#610,#619,#628,#637,#646,#655,
#664,#673,#682,#691,#700,#709,#718,#727,#736,#745,#754,#763,#772,#781,#790,#799,
#808,#817,#826),#8);
#23=STYLED_ITEM('',(#21),#13);
#24=ADVANCED_BREP_SHAPE_REPRESENTATION('NONE',(#13),#8);
#25=SHAPE_REPRESENTATION_RELATIONSHIP('','',#3,#24);
#26=PRODUCT_DEFINITION_SHAPE('NONE','NONE',#1);
#27=MECHANICAL_CONTEXT('NONE',#32,'mechanical');
#28=PRODUCT_DEFINITION_FORMATION_WITH_SPECIFIED_SOURCE('ANY','UNSPECIFIED',#29,.NOT_KNOWN.);
#29=PRODUCT('','\X2\0414043504420430043B044C\X0\','NONE',(#27));
#30=PRODUCT_RELATED_PRODUCT_CATEGORY('detail','',(#29));
#31=DESIGN_CONTEXT('detailed design',#32,'design');
#32=APPLICATION_CONTEXT('configuration controlled 3d designs of mechanical parts and assemblies');
#33=APPLICATION_PROTOCOL_DEFINITION('international standard','config_control_design',
1994,#32);
#34=CC_DESIGN_DATE_AND_TIME_ASSIGNMENT(#35,#39,(#1));
#35=DATE_AND_TIME(#36,#37);
#36=CALENDAR_DATE(0,1,1);
#37=LOCAL_TIME(0,0,0.,#38);
#38=COORDINATED_UNIVERSAL_TIME_OFFSET(0,0,.AHEAD.);
#39=DATE_TIME_ROLE('creation_date');
#40=CC_DESIGN_APPROVAL(#41,(#1));
#41=APPROVAL(#42,'UNSPECIFIED');
#42=APPROVAL_STATUS('not_yet_approved');
#43=APPROVAL_DATE_TIME(#44,#41);
#44=DATE_AND_TIME(#45,#46);
#45=CALENDAR_DATE(0,1,1);
#46=LOCAL_TIME(0,0,0.,#47);
#47=COORDINATED_UNIVERSAL_TIME_OFFSET(0,0,.AHEAD.);
#48=PERSON('UNSPECIFIED','ledibonibell','UNSPECIFIED',('UNSPECIFIED'),('UNSPECIFIED'),
('UNSPECIFIED'));
#49=ORGANIZATION('UNSPECIFIED','UNSPECIFIED','UNSPECIFIED');
#50=PERSON_AND_ORGANIZATION(#48,#49);
#51=PERSON_AND_ORGANIZATION_ROLE('creator');
#52=CC_DESIGN_PERSON_AND_ORGANIZATION_ASSIGNMENT(#50,#51,(#28,#1));
#53=ADVANCED_FACE('',(#827),#829,.T.);
#54=COLOUR_RGB('',0.564705882352941,0.564705882352941,0.564705882352941);
#55=FILL_AREA_STYLE_COLOUR('',#54);
#56=FILL_AREA_STYLE($,(#55));
#57=SURFACE_STYLE_FILL_AREA(#56);
#58=SURFACE_SIDE_STYLE('',(#57));
#59=SURFACE_STYLE_USAGE(.BOTH.,#58);
#60=PRESENTATION_STYLE_ASSIGNMENT((#59));
#61=STYLED_ITEM('',(#60),#53);
#62=ADVANCED_FACE('',(#834),#836,.T.);
#63=COLOUR_RGB('',0.564705882352941,0.564705882352941,0.564705882352941);
#64=FILL_AREA_STYLE_COLOUR('',#63);
#65=FILL_AREA_STYLE($,(#64));
#66=SURFACE_STYLE_FILL_AREA(#65);
#67=SURFACE_SIDE_STYLE('',(#66));
#68=SURFACE_STYLE_USAGE(.BOTH.,#67);
#69=PRESENTATION_STYLE_ASSIGNMENT((#68));
#70=STYLED_ITEM('',(#69),#62);
#71=ADVANCED_FACE('',(#841),#843,.T.);
#72=COLOUR_RGB('',0.564705882352941,0.564705882352941,0.564705882352941);
#73=FILL_AREA_STYLE_COLOUR('',#72);
#74=FILL_AREA_STYLE($,(#73));
#75=SURFACE_STYLE_FILL_AREA(#74);
#76=SURFACE_SIDE_STYLE('',(#75));
#77=SURFACE_STYLE_USAGE(.BOTH.,#76);
#78=PRESENTATION_STYLE_ASSIGNMENT((#77));
#79=STYLED_ITEM('',(#78),#71);
#80=ADVANCED_FACE('',(#848),#850,.T.);
#81=COLOUR_RGB('',0.564705882352941,0.564705882352941,0.564705882352941);
#82=FILL_AREA_STYLE_COLOUR('',#81);
#83=FILL_AREA_STYLE($,(#82));
#84=SURFACE_STYLE_FILL_AREA(#83);
#85=SURFACE_SIDE_STYLE('',(#84));
#86=SURFACE_STYLE_USAGE(.BOTH.,#85);
#87=PRESENTATION_STYLE_ASSIGNMENT((#86));
#88=STYLED_ITEM('',(#87),#80);
#89=ADVANCED_FACE('',(#855),#857,.T.);
#90=COLOUR_RGB('',0.564705882352941,0.564705882352941,0.564705882352941);
#91=FILL_AREA_STYLE_COLOUR('',#90);
#92=FILL_AREA_STYLE($,(#91));
#93=SURFACE_STYLE_FILL_AREA(#92);
#94=SURFACE_SIDE_STYLE('',(#93));
#95=SURFACE_STYLE_USAGE(.BOTH.,#94);
#96=PRESENTATION_STYLE_ASSIGNMENT((#95));
#97=STYLED_ITEM('',(#96),#89);
#98=ADVANCED_FACE('',(#862,#864),#866,.F.);
#99=COLOUR_RGB('',0.564705882352941,0.564705882352941,0.564705882352941);
#100=FILL_AREA_STYLE_COLOUR('',#99);
#101=FILL_AREA_STYLE($,(#100));
#102=SURFACE_STYLE_FILL_AREA(#101);
#103=SURFACE_SIDE_STYLE('',(#102));
#104=SURFACE_STYLE_USAGE(.BOTH.,#103);
#105=PRESENTATION_STYLE_ASSIGNMENT((#104));
#106=STYLED_ITEM('',(#105),#98);
#107=ADVANCED_FACE('',(#871,#873),#875,.F.);
#108=COLOUR_RGB('',0.564705882352941,0.564705882352941,0.564705882352941);
#109=FILL_AREA_STYLE_COLOUR('',#108);
#110=FILL_AREA_STYLE($,(#109));
#111=SURFACE_STYLE_FILL_AREA(#110);
#112=SURFACE_SIDE_STYLE('',(#111));
#113=SURFACE_STYLE_USAGE(.BOTH.,#112);
#114=PRESENTATION_STYLE_ASSIGNMENT((#113));
#115=STYLED_ITEM('',(#114),#107);
#116=ADVANCED_FACE('',(#880,#882),#884,.T.);
#117=COLOUR_RGB('',0.564705882352941,0.564705882352941,0.564705882352941);
#118=FILL_AREA_STYLE_COLOUR('',#117);
#119=FILL_AREA_STYLE($,(#118));
#120=SURFACE_STYLE_FILL_AREA(#119);
#121=SURFACE_SIDE_STYLE('',(#120));
#122=SURFACE_STYLE_USAGE(.BOTH.,#121);
#123=PRESENTATION_STYLE_ASSIGNMENT((#122));
#124=STYLED_ITEM('',(#123),#116);
#125=ADVANCED_FACE('',(#889),#891,.F.);
#126=COLOUR_RGB('',0.564705882352941,0.564705882352941,0.564705882352941);
#127=FILL_AREA_STYLE_COLOUR('',#126);
#128=FILL_AREA_STYLE($,(#127));
#129=SURFACE_STYLE_FILL_AREA(#128);
#130=SURFACE_SIDE_STYLE('',(#129));
#131=SURFACE_STYLE_USAGE(.BOTH.,#130);
#132=PRESENTATION_STYLE_ASSIGNMENT((#131));
#133=STYLED_ITEM('',(#132),#125);
#134=ADVANCED_FACE('',(#896),#898,.T.);
#135=COLOUR_RGB('',0.564705882352941,0.564705882352941,0.564705882352941);
#136=FILL_AREA_STYLE_COLOUR('',#135);
#137=FILL_AREA_STYLE($,(#136));
#138=SURFACE_STYLE_FILL_AREA(#137);
#139=SURFACE_SIDE_STYLE('',(#138));
#140=SURFACE_STYLE_USAGE(.BOTH.,#139);
#141=PRESENTATION_STYLE_ASSIGNMENT((#140));
#142=STYLED_ITEM('',(#141),#134);
#143=ADVANCED_FACE('',(#903),#905,.T.);
#144=COLOUR_RGB('',0.564705882352941,0.564705882352941,0.564705882352941);
#145=FILL_AREA_STYLE_COLOUR('',#144);
#146=FILL_AREA_STYLE($,(#145));
#147=SURFACE_STYLE_FILL_AREA(#146);
#148=SURFACE_SIDE_STYLE('',(#147));
#149=SURFACE_STYLE_USAGE(.BOTH.,#148);
#150=PRESENTATION_STYLE_ASSIGNMENT((#149));
#151=STYLED_ITEM('',(#150),#143);
#152=ADVANCED_FACE('',(#910),#912,.T.);
#153=COLOUR_RGB('',0.564705882352941,0.564705882352941,0.564705882352941);
#154=FILL_AREA_STYLE_COLOUR('',#153);
#155=FILL_AREA_STYLE($,(#154));
#156=SURFACE_STYLE_FILL_AREA(#155);
#157=SURFACE_SIDE_STYLE('',(#156));
#158=SURFACE_STYLE_USAGE(.BOTH.,#157);
#159=PRESENTATION_STYLE_ASSIGNMENT((#158));
#160=STYLED_ITEM('',(#159),#152);
#161=ADVANCED_FACE('',(#917),#919,.F.);
#162=COLOUR_RGB('',0.564705882352941,0.564705882352941,0.564705882352941);
#163=FILL_AREA_STYLE_COLOUR('',#162);
#164=FILL_AREA_STYLE($,(#163));
#165=SURFACE_STYLE_FILL_AREA(#164);
#166=SURFACE_SIDE_STYLE('',(#165));
#167=SURFACE_STYLE_USAGE(.BOTH.,#166);
#168=PRESENTATION_STYLE_ASSIGNMENT((#167));
#169=STYLED_ITEM('',(#168),#161);
#170=ADVANCED_FACE('',(#924),#926,.F.);
#171=COLOUR_RGB('',0.564705882352941,0.564705882352941,0.564705882352941);
#172=FILL_AREA_STYLE_COLOUR('',#171);
#173=FILL_AREA_STYLE($,(#172));
#174=SURFACE_STYLE_FILL_AREA(#173);
#175=SURFACE_SIDE_STYLE('',(#174));
#176=SURFACE_STYLE_USAGE(.BOTH.,#175);
#177=PRESENTATION_STYLE_ASSIGNMENT((#176));
#178=STYLED_ITEM('',(#177),#170);
#179=ADVANCED_FACE('',(#931),#933,.T.);
#180=COLOUR_RGB('',0.564705882352941,0.564705882352941,0.564705882352941);
#181=FILL_AREA_STYLE_COLOUR('',#180);
#182=FILL_AREA_STYLE($,(#181));
#183=SURFACE_STYLE_FILL_AREA(#182);
#184=SURFACE_SIDE_STYLE('',(#183));
#185=SURFACE_STYLE_USAGE(.BOTH.,#184);
#186=PRESENTATION_STYLE_ASSIGNMENT((#185));
#187=STYLED_ITEM('',(#186),#179);
#188=ADVANCED_FACE('',(#938),#940,.T.);
#189=COLOUR_RGB('',0.564705882352941,0.564705882352941,0.564705882352941);
#190=FILL_AREA_STYLE_COLOUR('',#189);
#191=FILL_AREA_STYLE($,(#190));
#192=SURFACE_STYLE_FILL_AREA(#191);
#193=SURFACE_SIDE_STYLE('',(#192));
#194=SURFACE_STYLE_USAGE(.BOTH.,#193);
#195=PRESENTATION_STYLE_ASSIGNMENT((#194));
#196=STYLED_ITEM('',(#195),#188);
#197=ADVANCED_FACE('',(#945),#947,.T.);
#198=COLOUR_RGB('',0.564705882352941,0.564705882352941,0.564705882352941);
#199=FILL_AREA_STYLE_COLOUR('',#198);
#200=FILL_AREA_STYLE($,(#199));
#201=SURFACE_STYLE_FILL_AREA(#200);
#202=SURFACE_SIDE_STYLE('',(#201));
#203=SURFACE_STYLE_USAGE(.BOTH.,#202);
#204=PRESENTATION_STYLE_ASSIGNMENT((#203));
#205=STYLED_ITEM('',(#204),#197);
#206=ADVANCED_FACE('',(#952),#954,.T.);
#207=COLOUR_RGB('',0.564705882352941,0.564705882352941,0.564705882352941);
#208=FILL_AREA_STYLE_COLOUR('',#207);
#209=FILL_AREA_STYLE($,(#208));
#210=SURFACE_STYLE_FILL_AREA(#209);
#211=SURFACE_SIDE_STYLE('',(#210));
#212=SURFACE_STYLE_USAGE(.BOTH.,#211);
#213=PRESENTATION_STYLE_ASSIGNMENT((#212));
#214=STYLED_ITEM('',(#213),#206);
#215=ADVANCED_FACE('',(#959),#961,.T.);
#216=COLOUR_RGB('',0.564705882352941,0.564705882352941,0.564705882352941);
#217=FILL_AREA_STYLE_COLOUR('',#216);
#218=FILL_AREA_STYLE($,(#217));
#219=SURFACE_STYLE_FILL_AREA(#218);
#220=SURFACE_SIDE_STYLE('',(#219));
#221=SURFACE_STYLE_USAGE(.BOTH.,#220);
#222=PRESENTATION_STYLE_ASSIGNMENT((#221));
#223=STYLED_ITEM('',(#222),#215);
#224=ADVANCED_FACE('',(#966),#968,.T.);
#225=COLOUR_RGB('',0.564705882352941,0.564705882352941,0.564705882352941);
#226=FILL_AREA_STYLE_COLOUR('',#225);
#227=FILL_AREA_STYLE($,(#226));
#228=SURFACE_STYLE_FILL_AREA(#227);
#229=SURFACE_SIDE_STYLE('',(#228));
#230=SURFACE_STYLE_USAGE(.BOTH.,#229);
#231=PRESENTATION_STYLE_ASSIGNMENT((#230));
#232=STYLED_ITEM('',(#231),#224);
#233=ADVANCED_FACE('',(#973),#975,.T.);
#234=COLOUR_RGB('',0.564705882352941,0.564705882352941,0.564705882352941);
#235=FILL_AREA_STYLE_COLOUR('',#234);
#236=FILL_AREA_STYLE($,(#235));
#237=SURFACE_STYLE_FILL_AREA(#236);
#238=SURFACE_SIDE_STYLE('',(#237));
#239=SURFACE_STYLE_USAGE(.BOTH.,#238);
#240=PRESENTATION_STYLE_ASSIGNMENT((#239));
#241=STYLED_ITEM('',(#240),#233);
#242=ADVANCED_FACE('',(#980,#982,#984,#986,#988,#990),#992,.F.);
#243=COLOUR_RGB('',0.564705882352941,0.564705882352941,0.564705882352941);
#244=FILL_AREA_STYLE_COLOUR('',#243);
#245=FILL_AREA_STYLE($,(#244));
#246=SURFACE_STYLE_FILL_AREA(#245);
#247=SURFACE_SIDE_STYLE('',(#246));
#248=SURFACE_STYLE_USAGE(.BOTH.,#247);
#249=PRESENTATION_STYLE_ASSIGNMENT((#248));
#250=STYLED_ITEM('',(#249),#242);
#251=ADVANCED_FACE('',(#997),#999,.T.);
#252=COLOUR_RGB('',0.564705882352941,0.564705882352941,0.564705882352941);
#253=FILL_AREA_STYLE_COLOUR('',#252);
#254=FILL_AREA_STYLE($,(#253));
#255=SURFACE_STYLE_FILL_AREA(#254);
#256=SURFACE_SIDE_STYLE('',(#255));
#257=SURFACE_STYLE_USAGE(.BOTH.,#256);
#258=PRESENTATION_STYLE_ASSIGNMENT((#257));
#259=STYLED_ITEM('',(#258),#251);
#260=ADVANCED_FACE('',(#1004),#1006,.F.);
#261=COLOUR_RGB('',0.564705882352941,0.564705882352941,0.564705882352941);
#262=FILL_AREA_STYLE_COLOUR('',#261);
#263=FILL_AREA_STYLE($,(#262));
#264=SURFACE_STYLE_FILL_AREA(#263);
#265=SURFACE_SIDE_STYLE('',(#264));
#266=SURFACE_STYLE_USAGE(.BOTH.,#265);
#267=PRESENTATION_STYLE_ASSIGNMENT((#266));
#268=STYLED_ITEM('',(#267),#260);
#269=ADVANCED_FACE('',(#1011),#1013,.T.);
#270=COLOUR_RGB('',0.564705882352941,0.564705882352941,0.564705882352941);
#271=FILL_AREA_STYLE_COLOUR('',#270);
#272=FILL_AREA_STYLE($,(#271));
#273=SURFACE_STYLE_FILL_AREA(#272);
#274=SURFACE_SIDE_STYLE('',(#273));
#275=SURFACE_STYLE_USAGE(.BOTH.,#274);
#276=PRESENTATION_STYLE_ASSIGNMENT((#275));
#277=STYLED_ITEM('',(#276),#269);
#278=ADVANCED_FACE('',(#1018),#1020,.T.);
#279=COLOUR_RGB('',0.564705882352941,0.564705882352941,0.564705882352941);
#280=FILL_AREA_STYLE_COLOUR('',#279);
#281=FILL_AREA_STYLE($,(#280));
#282=SURFACE_STYLE_FILL_AREA(#281);
#283=SURFACE_SIDE_STYLE('',(#282));
#284=SURFACE_STYLE_USAGE(.BOTH.,#283);
#285=PRESENTATION_STYLE_ASSIGNMENT((#284));
#286=STYLED_ITEM('',(#285),#278);
#287=ADVANCED_FACE('',(#1025),#1027,.T.);
#288=COLOUR_RGB('',0.564705882352941,0.564705882352941,0.564705882352941);
#289=FILL_AREA_STYLE_COLOUR('',#288);
#290=FILL_AREA_STYLE($,(#289));
#291=SURFACE_STYLE_FILL_AREA(#290);
#292=SURFACE_SIDE_STYLE('',(#291));
#293=SURFACE_STYLE_USAGE(.BOTH.,#292);
#294=PRESENTATION_STYLE_ASSIGNMENT((#293));
#295=STYLED_ITEM('',(#294),#287);
#296=ADVANCED_FACE('',(#1032),#1034,.F.);
#297=COLOUR_RGB('',0.564705882352941,0.564705882352941,0.564705882352941);
#298=FILL_AREA_STYLE_COLOUR('',#297);
#299=FILL_AREA_STYLE($,(#298));
#300=SURFACE_STYLE_FILL_AREA(#299);
#301=SURFACE_SIDE_STYLE('',(#300));
#302=SURFACE_STYLE_USAGE(.BOTH.,#301);
#303=PRESENTATION_STYLE_ASSIGNMENT((#302));
#304=STYLED_ITEM('',(#303),#296);
#305=ADVANCED_FACE('',(#1039),#1041,.T.);
#306=COLOUR_RGB('',0.564705882352941,0.564705882352941,0.564705882352941);
#307=FILL_AREA_STYLE_COLOUR('',#306);
#308=FILL_AREA_STYLE($,(#307));
#309=SURFACE_STYLE_FILL_AREA(#308);
#310=SURFACE_SIDE_STYLE('',(#309));
#311=SURFACE_STYLE_USAGE(.BOTH.,#310);
#312=PRESENTATION_STYLE_ASSIGNMENT((#311));
#313=STYLED_ITEM('',(#312),#305);
#314=ADVANCED_FACE('',(#1046),#1048,.T.);
#315=COLOUR_RGB('',0.564705882352941,0.564705882352941,0.564705882352941);
#316=FILL_AREA_STYLE_COLOUR('',#315);
#317=FILL_AREA_STYLE($,(#316));
#318=SURFACE_STYLE_FILL_AREA(#317);
#319=SURFACE_SIDE_STYLE('',(#318));
#320=SURFACE_STYLE_USAGE(.BOTH.,#319);
#321=PRESENTATION_STYLE_ASSIGNMENT((#320));
#322=STYLED_ITEM('',(#321),#314);
#323=ADVANCED_FACE('',(#1053),#1055,.T.);
#324=COLOUR_RGB('',0.564705882352941,0.564705882352941,0.564705882352941);
#325=FILL_AREA_STYLE_COLOUR('',#324);
#326=FILL_AREA_STYLE($,(#325));
#327=SURFACE_STYLE_FILL_AREA(#326);
#328=SURFACE_SIDE_STYLE('',(#327));
#329=SURFACE_STYLE_USAGE(.BOTH.,#328);
#330=PRESENTATION_STYLE_ASSIGNMENT((#329));
#331=STYLED_ITEM('',(#330),#323);
#332=ADVANCED_FACE('',(#1060),#1062,.T.);
#333=COLOUR_RGB('',0.564705882352941,0.564705882352941,0.564705882352941);
#334=FILL_AREA_STYLE_COLOUR('',#333);
#335=FILL_AREA_STYLE($,(#334));
#336=SURFACE_STYLE_FILL_AREA(#335);
#337=SURFACE_SIDE_STYLE('',(#336));
#338=SURFACE_STYLE_USAGE(.BOTH.,#337);
#339=PRESENTATION_STYLE_ASSIGNMENT((#338));
#340=STYLED_ITEM('',(#339),#332);
#341=ADVANCED_FACE('',(#1067),#1069,.T.);
#342=COLOUR_RGB('',0.564705882352941,0.564705882352941,0.564705882352941);
#343=FILL_AREA_STYLE_COLOUR('',#342);
#344=FILL_AREA_STYLE($,(#343));
#345=SURFACE_STYLE_FILL_AREA(#344);
#346=SURFACE_SIDE_STYLE('',(#345));
#347=SURFACE_STYLE_USAGE(.BOTH.,#346);
#348=PRESENTATION_STYLE_ASSIGNMENT((#347));
#349=STYLED_ITEM('',(#348),#341);
#350=ADVANCED_FACE('',(#1074),#1076,.T.);
#351=COLOUR_RGB('',0.564705882352941,0.564705882352941,0.564705882352941);
#352=FILL_AREA_STYLE_COLOUR('',#351);
#353=FILL_AREA_STYLE($,(#352));
#354=SURFACE_STYLE_FILL_AREA(#353);
#355=SURFACE_SIDE_STYLE('',(#354));
#356=SURFACE_STYLE_USAGE(.BOTH.,#355);
#357=PRESENTATION_STYLE_ASSIGNMENT((#356));
#358=STYLED_ITEM('',(#357),#350);
#359=ADVANCED_FACE('',(#1081),#1083,.T.);
#360=COLOUR_RGB('',0.564705882352941,0.564705882352941,0.564705882352941);
#361=FILL_AREA_STYLE_COLOUR('',#360);
#362=FILL_AREA_STYLE($,(#361));
#363=SURFACE_STYLE_FILL_AREA(#362);
#364=SURFACE_SIDE_STYLE('',(#363));
#365=SURFACE_STYLE_USAGE(.BOTH.,#364);
#366=PRESENTATION_STYLE_ASSIGNMENT((#365));
#367=STYLED_ITEM('',(#366),#359);
#368=ADVANCED_FACE('',(#1088),#1090,.T.);
#369=COLOUR_RGB('',0.564705882352941,0.564705882352941,0.564705882352941);
#370=FILL_AREA_STYLE_COLOUR('',#369);
#371=FILL_AREA_STYLE($,(#370));
#372=SURFACE_STYLE_FILL_AREA(#371);
#373=SURFACE_SIDE_STYLE('',(#372));
#374=SURFACE_STYLE_USAGE(.BOTH.,#373);
#375=PRESENTATION_STYLE_ASSIGNMENT((#374));
#376=STYLED_ITEM('',(#375),#368);
#377=ADVANCED_FACE('',(#1095),#1097,.T.);
#378=COLOUR_RGB('',0.564705882352941,0.564705882352941,0.564705882352941);
#379=FILL_AREA_STYLE_COLOUR('',#378);
#380=FILL_AREA_STYLE($,(#379));
#381=SURFACE_STYLE_FILL_AREA(#380);
#382=SURFACE_SIDE_STYLE('',(#381));
#383=SURFACE_STYLE_USAGE(.BOTH.,#382);
#384=PRESENTATION_STYLE_ASSIGNMENT((#383));
#385=STYLED_ITEM('',(#384),#377);
#386=ADVANCED_FACE('',(#1102),#1104,.T.);
#387=COLOUR_RGB('',0.564705882352941,0.564705882352941,0.564705882352941);
#388=FILL_AREA_STYLE_COLOUR('',#387);
#389=FILL_AREA_STYLE($,(#388));
#390=SURFACE_STYLE_FILL_AREA(#389);
#391=SURFACE_SIDE_STYLE('',(#390));
#392=SURFACE_STYLE_USAGE(.BOTH.,#391);
#393=PRESENTATION_STYLE_ASSIGNMENT((#392));
#394=STYLED_ITEM('',(#393),#386);
#395=ADVANCED_FACE('',(#1109),#1111,.T.);
#396=COLOUR_RGB('',0.564705882352941,0.564705882352941,0.564705882352941);
#397=FILL_AREA_STYLE_COLOUR('',#396);
#398=FILL_AREA_STYLE($,(#397));
#399=SURFACE_STYLE_FILL_AREA(#398);
#400=SURFACE_SIDE_STYLE('',(#399));
#401=SURFACE_STYLE_USAGE(.BOTH.,#400);
#402=PRESENTATION_STYLE_ASSIGNMENT((#401));
#403=STYLED_ITEM('',(#402),#395);
#404=ADVANCED_FACE('',(#1116),#1118,.T.);
#405=COLOUR_RGB('',0.564705882352941,0.564705882352941,0.564705882352941);
#406=FILL_AREA_STYLE_COLOUR('',#405);
#407=FILL_AREA_STYLE($,(#406));
#408=SURFACE_STYLE_FILL_AREA(#407);
#409=SURFACE_SIDE_STYLE('',(#408));
#410=SURFACE_STYLE_USAGE(.BOTH.,#409);
#411=PRESENTATION_STYLE_ASSIGNMENT((#410));
#412=STYLED_ITEM('',(#411),#404);
#413=ADVANCED_FACE('',(#1123),#1125,.F.);
#414=COLOUR_RGB('',0.564705882352941,0.564705882352941,0.564705882352941);
#415=FILL_AREA_STYLE_COLOUR('',#414);
#416=FILL_AREA_STYLE($,(#415));
#417=SURFACE_STYLE_FILL_AREA(#416);
#418=SURFACE_SIDE_STYLE('',(#417));
#419=SURFACE_STYLE_USAGE(.BOTH.,#418);
#420=PRESENTATION_STYLE_ASSIGNMENT((#419));
#421=STYLED_ITEM('',(#420),#413);
#422=ADVANCED_FACE('',(#1130),#1132,.T.);
#423=COLOUR_RGB('',0.564705882352941,0.564705882352941,0.564705882352941);
#424=FILL_AREA_STYLE_COLOUR('',#423);
#425=FILL_AREA_STYLE($,(#424));
#426=SURFACE_STYLE_FILL_AREA(#425);
#427=SURFACE_SIDE_STYLE('',(#426));
#428=SURFACE_STYLE_USAGE(.BOTH.,#427);
#429=PRESENTATION_STYLE_ASSIGNMENT((#428));
#430=STYLED_ITEM('',(#429),#422);
#431=ADVANCED_FACE('',(#1137),#1139,.F.);
#432=COLOUR_RGB('',0.564705882352941,0.564705882352941,0.564705882352941);
#433=FILL_AREA_STYLE_COLOUR('',#432);
#434=FILL_AREA_STYLE($,(#433));
#435=SURFACE_STYLE_FILL_AREA(#434);
#436=SURFACE_SIDE_STYLE('',(#435));
#437=SURFACE_STYLE_USAGE(.BOTH.,#436);
#438=PRESENTATION_STYLE_ASSIGNMENT((#437));
#439=STYLED_ITEM('',(#438),#431);
#440=ADVANCED_FACE('',(#1144),#1146,.T.);
#441=COLOUR_RGB('',0.564705882352941,0.564705882352941,0.564705882352941);
#442=FILL_AREA_STYLE_COLOUR('',#441);
#443=FILL_AREA_STYLE($,(#442));
#444=SURFACE_STYLE_FILL_AREA(#443);
#445=SURFACE_SIDE_STYLE('',(#444));
#446=SURFACE_STYLE_USAGE(.BOTH.,#445);
#447=PRESENTATION_STYLE_ASSIGNMENT((#446));
#448=STYLED_ITEM('',(#447),#440);
#449=ADVANCED_FACE('',(#1151),#1153,.T.);
#450=COLOUR_RGB('',0.564705882352941,0.564705882352941,0.564705882352941);
#451=FILL_AREA_STYLE_COLOUR('',#450);
#452=FILL_AREA_STYLE($,(#451));
#453=SURFACE_STYLE_FILL_AREA(#452);
#454=SURFACE_SIDE_STYLE('',(#453));
#455=SURFACE_STYLE_USAGE(.BOTH.,#454);
#456=PRESENTATION_STYLE_ASSIGNMENT((#455));
#457=STYLED_ITEM('',(#456),#449);
#458=ADVANCED_FACE('',(#1158),#1160,.T.);
#459=COLOUR_RGB('',0.564705882352941,0.564705882352941,0.564705882352941);
#460=FILL_AREA_STYLE_COLOUR('',#459);
#461=FILL_AREA_STYLE($,(#460));
#462=SURFACE_STYLE_FILL_AREA(#461);
#463=SURFACE_SIDE_STYLE('',(#462));
#464=SURFACE_STYLE_USAGE(.BOTH.,#463);
#465=PRESENTATION_STYLE_ASSIGNMENT((#464));
#466=STYLED_ITEM('',(#465),#458);
#467=ADVANCED_FACE('',(#1165),#1167,.T.);
#468=COLOUR_RGB('',0.564705882352941,0.564705882352941,0.564705882352941);
#469=FILL_AREA_STYLE_COLOUR('',#468);
#470=FILL_AREA_STYLE($,(#469));
#471=SURFACE_STYLE_FILL_AREA(#470);
#472=SURFACE_SIDE_STYLE('',(#471));
#473=SURFACE_STYLE_USAGE(.BOTH.,#472);
#474=PRESENTATION_STYLE_ASSIGNMENT((#473));
#475=STYLED_ITEM('',(#474),#467);
#476=ADVANCED_FACE('',(#1172),#1174,.F.);
#477=COLOUR_RGB('',0.564705882352941,0.564705882352941,0.564705882352941);
#478=FILL_AREA_STYLE_COLOUR('',#477);
#479=FILL_AREA_STYLE($,(#478));
#480=SURFACE_STYLE_FILL_AREA(#479);
#481=SURFACE_SIDE_STYLE('',(#480));
#482=SURFACE_STYLE_USAGE(.BOTH.,#481);
#483=PRESENTATION_STYLE_ASSIGNMENT((#482));
#484=STYLED_ITEM('',(#483),#476);
#485=ADVANCED_FACE('',(#1179),#1181,.F.);
#486=COLOUR_RGB('',0.564705882352941,0.564705882352941,0.564705882352941);
#487=FILL_AREA_STYLE_COLOUR('',#486);
#488=FILL_AREA_STYLE($,(#487));
#489=SURFACE_STYLE_FILL_AREA(#488);
#490=SURFACE_SIDE_STYLE('',(#489));
#491=SURFACE_STYLE_USAGE(.BOTH.,#490);
#492=PRESENTATION_STYLE_ASSIGNMENT((#491));
#493=STYLED_ITEM('',(#492),#485);
#494=ADVANCED_FACE('',(#1186),#1188,.F.);
#495=COLOUR_RGB('',0.564705882352941,0.564705882352941,0.564705882352941);
#496=FILL_AREA_STYLE_COLOUR('',#495);
#497=FILL_AREA_STYLE($,(#496));
#498=SURFACE_STYLE_FILL_AREA(#497);
#499=SURFACE_SIDE_STYLE('',(#498));
#500=SURFACE_STYLE_USAGE(.BOTH.,#499);
#501=PRESENTATION_STYLE_ASSIGNMENT((#500));
#502=STYLED_ITEM('',(#501),#494);
#503=ADVANCED_FACE('',(#1193),#1195,.T.);
#504=COLOUR_RGB('',0.564705882352941,0.564705882352941,0.564705882352941);
#505=FILL_AREA_STYLE_COLOUR('',#504);
#506=FILL_AREA_STYLE($,(#505));
#507=SURFACE_STYLE_FILL_AREA(#506);
#508=SURFACE_SIDE_STYLE('',(#507));
#509=SURFACE_STYLE_USAGE(.BOTH.,#508);
#510=PRESENTATION_STYLE_ASSIGNMENT((#509));
#511=STYLED_ITEM('',(#510),#503);
#512=ADVANCED_FACE('',(#1200),#1202,.T.);
#513=COLOUR_RGB('',0.564705882352941,0.564705882352941,0.564705882352941);
#514=FILL_AREA_STYLE_COLOUR('',#513);
#515=FILL_AREA_STYLE($,(#514));
#516=SURFACE_STYLE_FILL_AREA(#515);
#517=SURFACE_SIDE_STYLE('',(#516));
#518=SURFACE_STYLE_USAGE(.BOTH.,#517);
#519=PRESENTATION_STYLE_ASSIGNMENT((#518));
#520=STYLED_ITEM('',(#519),#512);
#521=ADVANCED_FACE('',(#1207),#1209,.T.);
#522=COLOUR_RGB('',0.564705882352941,0.564705882352941,0.564705882352941);
#523=FILL_AREA_STYLE_COLOUR('',#522);
#524=FILL_AREA_STYLE($,(#523));
#525=SURFACE_STYLE_FILL_AREA(#524);
#526=SURFACE_SIDE_STYLE('',(#525));
#527=SURFACE_STYLE_USAGE(.BOTH.,#526);
#528=PRESENTATION_STYLE_ASSIGNMENT((#527));
#529=STYLED_ITEM('',(#528),#521);
#530=ADVANCED_FACE('',(#1214),#1216,.T.);
#531=COLOUR_RGB('',0.564705882352941,0.564705882352941,0.564705882352941);
#532=FILL_AREA_STYLE_COLOUR('',#531);
#533=FILL_AREA_STYLE($,(#532));
#534=SURFACE_STYLE_FILL_AREA(#533);
#535=SURFACE_SIDE_STYLE('',(#534));
#536=SURFACE_STYLE_USAGE(.BOTH.,#535);
#537=PRESENTATION_STYLE_ASSIGNMENT((#536));
#538=STYLED_ITEM('',(#537),#530);
#539=ADVANCED_FACE('',(#1221),#1223,.T.);
#540=COLOUR_RGB('',0.564705882352941,0.564705882352941,0.564705882352941);
#541=FILL_AREA_STYLE_COLOUR('',#540);
#542=FILL_AREA_STYLE($,(#541));
#543=SURFACE_STYLE_FILL_AREA(#542);
#544=SURFACE_SIDE_STYLE('',(#543));
#545=SURFACE_STYLE_USAGE(.BOTH.,#544);
#546=PRESENTATION_STYLE_ASSIGNMENT((#545));
#547=STYLED_ITEM('',(#546),#539);
#548=ADVANCED_FACE('',(#1228),#1230,.T.);
#549=COLOUR_RGB('',0.564705882352941,0.564705882352941,0.564705882352941);
#550=FILL_AREA_STYLE_COLOUR('',#549);
#551=FILL_AREA_STYLE($,(#550));
#552=SURFACE_STYLE_FILL_AREA(#551);
#553=SURFACE_SIDE_STYLE('',(#552));
#554=SURFACE_STYLE_USAGE(.BOTH.,#553);
#555=PRESENTATION_STYLE_ASSIGNMENT((#554));
#556=STYLED_ITEM('',(#555),#548);
#557=ADVANCED_FACE('',(#1235),#1237,.F.);
#558=COLOUR_RGB('',0.564705882352941,0.564705882352941,0.564705882352941);
#559=FILL_AREA_STYLE_COLOUR('',#558);
#560=FILL_AREA_STYLE($,(#559));
#561=SURFACE_STYLE_FILL_AREA(#560);
#562=SURFACE_SIDE_STYLE('',(#561));
#563=SURFACE_STYLE_USAGE(.BOTH.,#562);
#564=PRESENTATION_STYLE_ASSIGNMENT((#563));
#565=STYLED_ITEM('',(#564),#557);
#566=ADVANCED_FACE('',(#1242),#1244,.F.);
#567=COLOUR_RGB('',0.564705882352941,0.564705882352941,0.564705882352941);
#568=FILL_AREA_STYLE_COLOUR('',#567);
#569=FILL_AREA_STYLE($,(#568));
#570=SURFACE_STYLE_FILL_AREA(#569);
#571=SURFACE_SIDE_STYLE('',(#570));
#572=SURFACE_STYLE_USAGE(.BOTH.,#571);
#573=PRESENTATION_STYLE_ASSIGNMENT((#572));
#574=STYLED_ITEM('',(#573),#566);
#575=ADVANCED_FACE('',(#1249),#1251,.F.);
#576=COLOUR_RGB('',0.564705882352941,0.564705882352941,0.564705882352941);
#577=FILL_AREA_STYLE_COLOUR('',#576);
#578=FILL_AREA_STYLE($,(#577));
#579=SURFACE_STYLE_FILL_AREA(#578);
#580=SURFACE_SIDE_STYLE('',(#579));
#581=SURFACE_STYLE_USAGE(.BOTH.,#580);
#582=PRESENTATION_STYLE_ASSIGNMENT((#581));
#583=STYLED_ITEM('',(#582),#575);
#584=ADVANCED_FACE('',(#1256),#1258,.F.);
#585=COLOUR_RGB('',0.564705882352941,0.564705882352941,0.564705882352941);
#586=FILL_AREA_STYLE_COLOUR('',#585);
#587=FILL_AREA_STYLE($,(#586));
#588=SURFACE_STYLE_FILL_AREA(#587);
#589=SURFACE_SIDE_STYLE('',(#588));
#590=SURFACE_STYLE_USAGE(.BOTH.,#589);
#591=PRESENTATION_STYLE_ASSIGNMENT((#590));
#592=STYLED_ITEM('',(#591),#584);
#593=ADVANCED_FACE('',(#1263),#1265,.F.);
#594=COLOUR_RGB('',0.564705882352941,0.564705882352941,0.564705882352941);
#595=FILL_AREA_STYLE_COLOUR('',#594);
#596=FILL_AREA_STYLE($,(#595));
#597=SURFACE_STYLE_FILL_AREA(#596);
#598=SURFACE_SIDE_STYLE('',(#597));
#599=SURFACE_STYLE_USAGE(.BOTH.,#598);
#600=PRESENTATION_STYLE_ASSIGNMENT((#599));
#601=STYLED_ITEM('',(#600),#593);
#602=ADVANCED_FACE('',(#1270),#1272,.F.);
#603=COLOUR_RGB('',0.564705882352941,0.564705882352941,0.564705882352941);
#604=FILL_AREA_STYLE_COLOUR('',#603);
#605=FILL_AREA_STYLE($,(#604));
#606=SURFACE_STYLE_FILL_AREA(#605);
#607=SURFACE_SIDE_STYLE('',(#606));
#608=SURFACE_STYLE_USAGE(.BOTH.,#607);
#609=PRESENTATION_STYLE_ASSIGNMENT((#608));
#610=STYLED_ITEM('',(#609),#602);
#611=ADVANCED_FACE('',(#1277),#1279,.F.);
#612=COLOUR_RGB('',0.564705882352941,0.564705882352941,0.564705882352941);
#613=FILL_AREA_STYLE_COLOUR('',#612);
#614=FILL_AREA_STYLE($,(#613));
#615=SURFACE_STYLE_FILL_AREA(#614);
#616=SURFACE_SIDE_STYLE('',(#615));
#617=SURFACE_STYLE_USAGE(.BOTH.,#616);
#618=PRESENTATION_STYLE_ASSIGNMENT((#617));
#619=STYLED_ITEM('',(#618),#611);
#620=ADVANCED_FACE('',(#1284),#1286,.F.);
#621=COLOUR_RGB('',0.564705882352941,0.564705882352941,0.564705882352941);
#622=FILL_AREA_STYLE_COLOUR('',#621);
#623=FILL_AREA_STYLE($,(#622));
#624=SURFACE_STYLE_FILL_AREA(#623);
#625=SURFACE_SIDE_STYLE('',(#624));
#626=SURFACE_STYLE_USAGE(.BOTH.,#625);
#627=PRESENTATION_STYLE_ASSIGNMENT((#626));
#628=STYLED_ITEM('',(#627),#620);
#629=ADVANCED_FACE('',(#1291,#1293),#1295,.F.);
#630=COLOUR_RGB('',0.564705882352941,0.564705882352941,0.564705882352941);
#631=FILL_AREA_STYLE_COLOUR('',#630);
#632=FILL_AREA_STYLE($,(#631));
#633=SURFACE_STYLE_FILL_AREA(#632);
#634=SURFACE_SIDE_STYLE('',(#633));
#635=SURFACE_STYLE_USAGE(.BOTH.,#634);
#636=PRESENTATION_STYLE_ASSIGNMENT((#635));
#637=STYLED_ITEM('',(#636),#629);
#638=ADVANCED_FACE('',(#1300,#1302),#1304,.F.);
#639=COLOUR_RGB('',0.564705882352941,0.564705882352941,0.564705882352941);
#640=FILL_AREA_STYLE_COLOUR('',#639);
#641=FILL_AREA_STYLE($,(#640));
#642=SURFACE_STYLE_FILL_AREA(#641);
#643=SURFACE_SIDE_STYLE('',(#642));
#644=SURFACE_STYLE_USAGE(.BOTH.,#643);
#645=PRESENTATION_STYLE_ASSIGNMENT((#644));
#646=STYLED_ITEM('',(#645),#638);
#647=ADVANCED_FACE('',(#1309),#1311,.T.);
#648=COLOUR_RGB('',0.564705882352941,0.564705882352941,0.564705882352941);
#649=FILL_AREA_STYLE_COLOUR('',#648);
#650=FILL_AREA_STYLE($,(#649));
#651=SURFACE_STYLE_FILL_AREA(#650);
#652=SURFACE_SIDE_STYLE('',(#651));
#653=SURFACE_STYLE_USAGE(.BOTH.,#652);
#654=PRESENTATION_STYLE_ASSIGNMENT((#653));
#655=STYLED_ITEM('',(#654),#647);
#656=ADVANCED_FACE('',(#1316),#1318,.T.);
#657=COLOUR_RGB('',0.564705882352941,0.564705882352941,0.564705882352941);
#658=FILL_AREA_STYLE_COLOUR('',#657);
#659=FILL_AREA_STYLE($,(#658));
#660=SURFACE_STYLE_FILL_AREA(#659);
#661=SURFACE_SIDE_STYLE('',(#660));
#662=SURFACE_STYLE_USAGE(.BOTH.,#661);
#663=PRESENTATION_STYLE_ASSIGNMENT((#662));
#664=STYLED_ITEM('',(#663),#656);
#665=ADVANCED_FACE('',(#1323),#1325,.T.);
#666=COLOUR_RGB('',0.564705882352941,0.564705882352941,0.564705882352941);
#667=FILL_AREA_STYLE_COLOUR('',#666);
#668=FILL_AREA_STYLE($,(#667));
#669=SURFACE_STYLE_FILL_AREA(#668);
#670=SURFACE_SIDE_STYLE('',(#669));
#671=SURFACE_STYLE_USAGE(.BOTH.,#670);
#672=PRESENTATION_STYLE_ASSIGNMENT((#671));
#673=STYLED_ITEM('',(#672),#665);
#674=ADVANCED_FACE('',(#1330),#1332,.T.);
#675=COLOUR_RGB('',0.564705882352941,0.564705882352941,0.564705882352941);
#676=FILL_AREA_STYLE_COLOUR('',#675);
#677=FILL_AREA_STYLE($,(#676));
#678=SURFACE_STYLE_FILL_AREA(#677);
#679=SURFACE_SIDE_STYLE('',(#678));
#680=SURFACE_STYLE_USAGE(.BOTH.,#679);
#681=PRESENTATION_STYLE_ASSIGNMENT((#680));
#682=STYLED_ITEM('',(#681),#674);
#683=ADVANCED_FACE('',(#1337),#1339,.F.);
#684=COLOUR_RGB('',0.564705882352941,0.564705882352941,0.564705882352941);
#685=FILL_AREA_STYLE_COLOUR('',#684);
#686=FILL_AREA_STYLE($,(#685));
#687=SURFACE_STYLE_FILL_AREA(#686);
#688=SURFACE_SIDE_STYLE('',(#687));
#689=SURFACE_STYLE_USAGE(.BOTH.,#688);
#690=PRESENTATION_STYLE_ASSIGNMENT((#689));
#691=STYLED_ITEM('',(#690),#683);
#692=ADVANCED_FACE('',(#1344),#1346,.T.);
#693=COLOUR_RGB('',0.564705882352941,0.564705882352941,0.564705882352941);
#694=FILL_AREA_STYLE_COLOUR('',#693);
#695=FILL_AREA_STYLE($,(#694));
#696=SURFACE_STYLE_FILL_AREA(#695);
#697=SURFACE_SIDE_STYLE('',(#696));
#698=SURFACE_STYLE_USAGE(.BOTH.,#697);
#699=PRESENTATION_STYLE_ASSIGNMENT((#698));
#700=STYLED_ITEM('',(#699),#692);
#701=ADVANCED_FACE('',(#1351),#1353,.F.);
#702=COLOUR_RGB('',0.564705882352941,0.564705882352941,0.564705882352941);
#703=FILL_AREA_STYLE_COLOUR('',#702);
#704=FILL_AREA_STYLE($,(#703));
#705=SURFACE_STYLE_FILL_AREA(#704);
#706=SURFACE_SIDE_STYLE('',(#705));
#707=SURFACE_STYLE_USAGE(.BOTH.,#706);
#708=PRESENTATION_STYLE_ASSIGNMENT((#707));
#709=STYLED_ITEM('',(#708),#701);
#710=ADVANCED_FACE('',(#1358),#1360,.T.);
#711=COLOUR_RGB('',0.564705882352941,0.564705882352941,0.564705882352941);
#712=FILL_AREA_STYLE_COLOUR('',#711);
#713=FILL_AREA_STYLE($,(#712));
#714=SURFACE_STYLE_FILL_AREA(#713);
#715=SURFACE_SIDE_STYLE('',(#714));
#716=SURFACE_STYLE_USAGE(.BOTH.,#715);
#717=PRESENTATION_STYLE_ASSIGNMENT((#716));
#718=STYLED_ITEM('',(#717),#710);
#719=ADVANCED_FACE('',(#1365),#1367,.T.);
#720=COLOUR_RGB('',0.564705882352941,0.564705882352941,0.564705882352941);
#721=FILL_AREA_STYLE_COLOUR('',#720);
#722=FILL_AREA_STYLE($,(#721));
#723=SURFACE_STYLE_FILL_AREA(#722);
#724=SURFACE_SIDE_STYLE('',(#723));
#725=SURFACE_STYLE_USAGE(.BOTH.,#724);
#726=PRESENTATION_STYLE_ASSIGNMENT((#725));
#727=STYLED_ITEM('',(#726),#719);
#728=ADVANCED_FACE('',(#1372),#1374,.F.);
#729=COLOUR_RGB('',0.564705882352941,0.564705882352941,0.564705882352941);
#730=FILL_AREA_STYLE_COLOUR('',#729);
#731=FILL_AREA_STYLE($,(#730));
#732=SURFACE_STYLE_FILL_AREA(#731);
#733=SURFACE_SIDE_STYLE('',(#732));
#734=SURFACE_STYLE_USAGE(.BOTH.,#733);
#735=PRESENTATION_STYLE_ASSIGNMENT((#734));
#736=STYLED_ITEM('',(#735),#728);
#737=ADVANCED_FACE('',(#1379),#1381,.T.);
#738=COLOUR_RGB('',0.564705882352941,0.564705882352941,0.564705882352941);
#739=FILL_AREA_STYLE_COLOUR('',#738);
#740=FILL_AREA_STYLE($,(#739));
#741=SURFACE_STYLE_FILL_AREA(#740);
#742=SURFACE_SIDE_STYLE('',(#741));
#743=SURFACE_STYLE_USAGE(.BOTH.,#742);
#744=PRESENTATION_STYLE_ASSIGNMENT((#743));
#745=STYLED_ITEM('',(#744),#737);
#746=ADVANCED_FACE('',(#1386),#1388,.T.);
#747=COLOUR_RGB('',0.564705882352941,0.564705882352941,0.564705882352941);
#748=FILL_AREA_STYLE_COLOUR('',#747);
#749=FILL_AREA_STYLE($,(#748));
#750=SURFACE_STYLE_FILL_AREA(#749);
#751=SURFACE_SIDE_STYLE('',(#750));
#752=SURFACE_STYLE_USAGE(.BOTH.,#751);
#753=PRESENTATION_STYLE_ASSIGNMENT((#752));
#754=STYLED_ITEM('',(#753),#746);
#755=ADVANCED_FACE('',(#1393),#1395,.T.);
#756=COLOUR_RGB('',0.564705882352941,0.564705882352941,0.564705882352941);
#757=FILL_AREA_STYLE_COLOUR('',#756);
#758=FILL_AREA_STYLE($,(#757));
#759=SURFACE_STYLE_FILL_AREA(#758);
#760=SURFACE_SIDE_STYLE('',(#759));
#761=SURFACE_STYLE_USAGE(.BOTH.,#760);
#762=PRESENTATION_STYLE_ASSIGNMENT((#761));
#763=STYLED_ITEM('',(#762),#755);
#764=ADVANCED_FACE('',(#1400),#1402,.T.);
#765=COLOUR_RGB('',0.564705882352941,0.564705882352941,0.564705882352941);
#766=FILL_AREA_STYLE_COLOUR('',#765);
#767=FILL_AREA_STYLE($,(#766));
#768=SURFACE_STYLE_FILL_AREA(#767);
#769=SURFACE_SIDE_STYLE('',(#768));
#770=SURFACE_STYLE_USAGE(.BOTH.,#769);
#771=PRESENTATION_STYLE_ASSIGNMENT((#770));
#772=STYLED_ITEM('',(#771),#764);
#773=ADVANCED_FACE('',(#1407),#1409,.T.);
#774=COLOUR_RGB('',0.564705882352941,0.564705882352941,0.564705882352941);
#775=FILL_AREA_STYLE_COLOUR('',#774);
#776=FILL_AREA_STYLE($,(#775));
#777=SURFACE_STYLE_FILL_AREA(#776);
#778=SURFACE_SIDE_STYLE('',(#777));
#779=SURFACE_STYLE_USAGE(.BOTH.,#778);
#780=PRESENTATION_STYLE_ASSIGNMENT((#779));
#781=STYLED_ITEM('',(#780),#773);
#782=ADVANCED_FACE('',(#1414),#1416,.T.);
#783=COLOUR_RGB('',0.564705882352941,0.564705882352941,0.564705882352941);
#784=FILL_AREA_STYLE_COLOUR('',#783);
#785=FILL_AREA_STYLE($,(#784));
#786=SURFACE_STYLE_FILL_AREA(#785);
#787=SURFACE_SIDE_STYLE('',(#786));
#788=SURFACE_STYLE_USAGE(.BOTH.,#787);
#789=PRESENTATION_STYLE_ASSIGNMENT((#788));
#790=STYLED_ITEM('',(#789),#782);
#791=ADVANCED_FACE('',(#1421,#1423),#1425,.F.);
#792=COLOUR_RGB('',0.564705882352941,0.564705882352941,0.564705882352941);
#793=FILL_AREA_STYLE_COLOUR('',#792);
#794=FILL_AREA_STYLE($,(#793));
#795=SURFACE_STYLE_FILL_AREA(#794);
#796=SURFACE_SIDE_STYLE('',(#795));
#797=SURFACE_STYLE_USAGE(.BOTH.,#796);
#798=PRESENTATION_STYLE_ASSIGNMENT((#797));
#799=STYLED_ITEM('',(#798),#791);
#800=ADVANCED_FACE('',(#1430,#1432),#1434,.F.);
#801=COLOUR_RGB('',0.564705882352941,0.564705882352941,0.564705882352941);
#802=FILL_AREA_STYLE_COLOUR('',#801);
#803=FILL_AREA_STYLE($,(#802));
#804=SURFACE_STYLE_FILL_AREA(#803);
#805=SURFACE_SIDE_STYLE('',(#804));
#806=SURFACE_STYLE_USAGE(.BOTH.,#805);
#807=PRESENTATION_STYLE_ASSIGNMENT((#806));
#808=STYLED_ITEM('',(#807),#800);
#809=ADVANCED_FACE('',(#1439,#1441),#1443,.F.);
#810=COLOUR_RGB('',0.564705882352941,0.564705882352941,0.564705882352941);
#811=FILL_AREA_STYLE_COLOUR('',#810);
#812=FILL_AREA_STYLE($,(#811));
#813=SURFACE_STYLE_FILL_AREA(#812);
#814=SURFACE_SIDE_STYLE('',(#813));
#815=SURFACE_STYLE_USAGE(.BOTH.,#814);
#816=PRESENTATION_STYLE_ASSIGNMENT((#815));
#817=STYLED_ITEM('',(#816),#809);
#818=ADVANCED_FACE('',(#1448,#1450),#1452,.F.);
#819=COLOUR_RGB('',0.564705882352941,0.564705882352941,0.564705882352941);
#820=FILL_AREA_STYLE_COLOUR('',#819);
#821=FILL_AREA_STYLE($,(#820));
#822=SURFACE_STYLE_FILL_AREA(#821);
#823=SURFACE_SIDE_STYLE('',(#822));
#824=SURFACE_STYLE_USAGE(.BOTH.,#823);
#825=PRESENTATION_STYLE_ASSIGNMENT((#824));
#826=STYLED_ITEM('',(#825),#818);
#827=FACE_BOUND('',#828,.T.);
#828=EDGE_LOOP('',(#1457,#1458,#1459,#1460,#1461,#1462,#1463,#1464,#1465,#1466,#1467,
#1468,#1469,#1470));
#829=PLANE('',#830);
#830=AXIS2_PLACEMENT_3D('',#831,#832,#833);
#831=CARTESIAN_POINT('',(34.,-41.,0.));
#832=DIRECTION('',(1.,-1.73303106282951E-16,0.));
#833=DIRECTION('',(1.73303106282951E-16,1.,0.));
#834=FACE_BOUND('',#835,.T.);
#835=EDGE_LOOP('',(#1471,#1472,#1473,#1474));
#836=CYLINDRICAL_SURFACE('',#837,3.35);
#837=AXIS2_PLACEMENT_3D('',#838,#839,#840);
#838=CARTESIAN_POINT('',(30.65,-37.65,-13.4));
#839=DIRECTION('',(0.,0.,-1.));
#840=DIRECTION('',(1.,0.,0.));
#841=FACE_BOUND('',#842,.T.);
#842=EDGE_LOOP('',(#1475,#1476,#1477,#1478,#1479,#1480,#1481,#1482,#1483,#1484,#1485,
#1486,#1487,#1488));
#843=PLANE('',#844);
#844=AXIS2_PLACEMENT_3D('',#845,#846,#847);
#845=CARTESIAN_POINT('',(-34.,41.,0.));
#846=DIRECTION('',(-1.,1.73303106282951E-16,0.));
#847=DIRECTION('',(-1.73303106282951E-16,-1.,0.));
#848=FACE_BOUND('',#849,.T.);
#849=EDGE_LOOP('',(#1489,#1490,#1491,#1492));
#850=CYLINDRICAL_SURFACE('',#851,3.35);
#851=AXIS2_PLACEMENT_3D('',#852,#853,#854);
#852=CARTESIAN_POINT('',(-30.65,-37.65,-13.4));
#853=DIRECTION('',(0.,0.,-1.));
#854=DIRECTION('',(-1.06051154591059E-15,-1.,0.));
#855=FACE_BOUND('',#856,.T.);
#856=EDGE_LOOP('',(#1493,#1494,#1495,#1496,#1497,#1498,#1499,#1500,#1501,#1502,#1503,
#1504,#1505,#1506));
#857=PLANE('',#858);
#858=AXIS2_PLACEMENT_3D('',#859,#860,#861);
#859=CARTESIAN_POINT('',(-34.,-41.,0.));
#860=DIRECTION('',(-2.089831575765E-16,-1.,0.));
#861=DIRECTION('',(1.,-2.089831575765E-16,0.));
#862=FACE_OUTER_BOUND('',#863,.T.);
#863=EDGE_LOOP('',(#1507));
#864=FACE_OUTER_BOUND('',#865,.T.);
#865=EDGE_LOOP('',(#1508));
#866=CYLINDRICAL_SURFACE('',#867,2.55);
#867=AXIS2_PLACEMENT_3D('',#868,#869,#870);
#868=CARTESIAN_POINT('',(30.65,-37.65,-8.));
#869=DIRECTION('',(0.,0.,1.));
#870=DIRECTION('',(-1.,1.22464679914735E-16,0.));
#871=FACE_OUTER_BOUND('',#872,.T.);
#872=EDGE_LOOP('',(#1509));
#873=FACE_OUTER_BOUND('',#874,.T.);
#874=EDGE_LOOP('',(#1510));
#875=CYLINDRICAL_SURFACE('',#876,2.55);
#876=AXIS2_PLACEMENT_3D('',#877,#878,#879);
#877=CARTESIAN_POINT('',(-30.65,-37.65,-8.));
#878=DIRECTION('',(0.,0.,1.));
#879=DIRECTION('',(-1.,1.22464679914735E-16,0.));
#880=FACE_BOUND('',#881,.T.);
#881=EDGE_LOOP('',(#1511,#1512,#1513,#1514,#1515,#1516,#1517,#1518,#1519,#1520,#1521,
#1522,#1523,#1524,#1525,#1526,#1527,#1528,#1529,#1530,#1531,#1532,#1533,#1534,#1535,
#1536,#1537,#1538,#1539,#1540,#1541,#1542,#1543,#1544,#1545,#1546,#1547,#1548,#1549,
#1550,#1551,#1552,#1553,#1554));
#882=FACE_BOUND('',#883,.T.);
#883=EDGE_LOOP('',(#1555,#1556,#1557,#1558,#1559,#1560,#1561,#1562));
#884=PLANE('',#885);
#885=AXIS2_PLACEMENT_3D('',#886,#887,#888);
#886=CARTESIAN_POINT('',(0.,0.,2.));
#887=DIRECTION('',(0.,0.,1.));
#888=DIRECTION('',(-1.,1.22464679914735E-16,0.));
#889=FACE_BOUND('',#890,.T.);
#890=EDGE_LOOP('',(#1563));
#891=PLANE('',#892);
#892=AXIS2_PLACEMENT_3D('',#893,#894,#895);
#893=CARTESIAN_POINT('',(2.44929359829471E-16,-2.44929359829471E-16,2.));
#894=DIRECTION('',(1.22464679914735E-16,-1.22464679914735E-16,1.));
#895=DIRECTION('',(-1.,-1.49975978266186E-32,1.22464679914735E-16));
#896=FACE_BOUND('',#897,.T.);
#897=EDGE_LOOP('',(#1564,#1565,#1566,#1567));
#898=PLANE('',#899);
#899=AXIS2_PLACEMENT_3D('',#900,#901,#902);
#900=CARTESIAN_POINT('',(27.3,-34.3,1.99999999999999));
#901=DIRECTION('',(-1.,-1.49975978266186E-32,1.22464679914735E-16));
#902=DIRECTION('',(0.,-1.,-1.22464679914735E-16));
#903=FACE_BOUND('',#904,.T.);
#904=EDGE_LOOP('',(#1568,#1569,#1570,#1571));
#905=PLANE('',#906);
#906=AXIS2_PLACEMENT_3D('',#907,#908,#909);
#907=CARTESIAN_POINT('',(34.,-34.3,1.99999999999999));
#908=DIRECTION('',(0.,1.,1.22464679914735E-16));
#909=DIRECTION('',(-1.,-1.49975978266186E-32,1.22464679914735E-16));
#910=FACE_BOUND('',#911,.T.);
#911=EDGE_LOOP('',(#1572));
#912=PLANE('',#913);
#913=AXIS2_PLACEMENT_3D('',#914,#915,#916);
#914=CARTESIAN_POINT('',(0.,-2.44929359829471E-16,2.));
#915=DIRECTION('',(0.,1.22464679914735E-16,-1.));
#916=DIRECTION('',(1.,0.,0.));
#917=FACE_BOUND('',#918,.T.);
#918=EDGE_LOOP('',(#1573,#1574,#1575,#1576));
#919=PLANE('',#920);
#920=AXIS2_PLACEMENT_3D('',#921,#922,#923);
#921=CARTESIAN_POINT('',(-27.3,-34.3,2.));
#922=DIRECTION('',(-1.,0.,0.));
#923=DIRECTION('',(0.,-1.,-1.22464679914735E-16));
#924=FACE_BOUND('',#925,.T.);
#925=EDGE_LOOP('',(#1577,#1578,#1579,#1580));
#926=PLANE('',#927);
#927=AXIS2_PLACEMENT_3D('',#928,#929,#930);
#928=CARTESIAN_POINT('',(-34.,-34.3,2.));
#929=DIRECTION('',(0.,-1.,-1.22464679914735E-16));
#930=DIRECTION('',(1.,0.,0.));
#931=FACE_BOUND('',#932,.T.);
#932=EDGE_LOOP('',(#1581,#1582,#1583,#1584));
#933=CYLINDRICAL_SURFACE('',#934,1.);
#934=AXIS2_PLACEMENT_3D('',#935,#936,#937);
#935=CARTESIAN_POINT('',(33.,35.3,-2.));
#936=DIRECTION('',(0.,0.,1.));
#937=DIRECTION('',(0.,-1.,0.));
#938=FACE_BOUND('',#939,.T.);
#939=EDGE_LOOP('',(#1585,#1586,#1587,#1588));
#940=PLANE('',#941);
#941=AXIS2_PLACEMENT_3D('',#942,#943,#944);
#942=CARTESIAN_POINT('',(34.,31.,2.));
#943=DIRECTION('',(-1.22464679914735E-16,1.,0.));
#944=DIRECTION('',(-1.,-1.22464679914735E-16,0.));
#945=FACE_BOUND('',#946,.T.);
#946=EDGE_LOOP('',(#1589,#1590,#1591,#1592));
#947=CYLINDRICAL_SURFACE('',#948,2.);
#948=AXIS2_PLACEMENT_3D('',#949,#950,#951);
#949=CARTESIAN_POINT('',(42.,29.,5.));
#950=DIRECTION('',(-1.,0.,0.));
#951=DIRECTION('',(0.,0.,1.));
#952=FACE_BOUND('',#953,.T.);
#953=EDGE_LOOP('',(#1593,#1594,#1595,#1596));
#954=PLANE('',#955);
#955=AXIS2_PLACEMENT_3D('',#956,#957,#958);
#956=CARTESIAN_POINT('',(0.,0.,7.));
#957=DIRECTION('',(0.,0.,1.));
#958=DIRECTION('',(1.,0.,0.));
#959=FACE_BOUND('',#960,.T.);
#960=EDGE_LOOP('',(#1597,#1598,#1599,#1600));
#961=CYLINDRICAL_SURFACE('',#962,2.);
#962=AXIS2_PLACEMENT_3D('',#963,#964,#965);
#963=CARTESIAN_POINT('',(24.8,-29.,5.));
#964=DIRECTION('',(1.,0.,0.));
#965=DIRECTION('',(0.,0.,1.));
#966=FACE_BOUND('',#967,.T.);
#967=EDGE_LOOP('',(#1601,#1602,#1603,#1604));
#968=PLANE('',#969);
#969=AXIS2_PLACEMENT_3D('',#970,#971,#972);
#970=CARTESIAN_POINT('',(32.8,-31.,2.));
#971=DIRECTION('',(1.22464679914735E-16,-1.,0.));
#972=DIRECTION('',(1.,1.22464679914735E-16,0.));
#973=FACE_BOUND('',#974,.T.);
#974=EDGE_LOOP('',(#1605,#1606,#1607,#1608,#1609,#1610,#1611,#1612));
#975=PLANE('',#976);
#976=AXIS2_PLACEMENT_3D('',#977,#978,#979);
#977=CARTESIAN_POINT('',(3.67394039744206E-16,-3.67394039744206E-16,3.));
#978=DIRECTION('',(1.22464679914735E-16,-1.22464679914735E-16,1.));
#979=DIRECTION('',(-1.,-1.49975978266186E-32,1.22464679914735E-16));
#980=FACE_BOUND('',#981,.T.);
#981=EDGE_LOOP('',(#1613,#1614,#1615,#1616,#1617,#1618,#1619,#1620));
#982=FACE_BOUND('',#983,.T.);
#983=EDGE_LOOP('',(#1621));
#984=FACE_BOUND('',#985,.T.);
#985=EDGE_LOOP('',(#1622));
#986=FACE_BOUND('',#987,.T.);
#987=EDGE_LOOP('',(#1623,#1624,#1625,#1626));
#988=FACE_BOUND('',#989,.T.);
#989=EDGE_LOOP('',(#1627));
#990=FACE_BOUND('',#991,.T.);
#991=EDGE_LOOP('',(#1628));
#992=PLANE('',#993);
#993=AXIS2_PLACEMENT_3D('',#994,#995,#996);
#994=CARTESIAN_POINT('',(0.,0.,0.));
#995=DIRECTION('',(0.,0.,1.));
#996=DIRECTION('',(-1.,1.22464679914735E-16,0.));
#997=FACE_BOUND('',#998,.T.);
#998=EDGE_LOOP('',(#1629,#1630,#1631,#1632));
#999=CYLINDRICAL_SURFACE('',#1000,3.35);
#1000=AXIS2_PLACEMENT_3D('',#1001,#1002,#1003);
#1001=CARTESIAN_POINT('',(30.65,37.65,-13.4));
#1002=DIRECTION('',(0.,0.,-1.));
#1003=DIRECTION('',(1.06051154591059E-15,1.,0.));
#1004=FACE_BOUND('',#1005,.T.);
#1005=EDGE_LOOP('',(#1633,#1634,#1635,#1636,#1637,#1638,#1639,#1640));
#1006=PLANE('',#1007);
#1007=AXIS2_PLACEMENT_3D('',#1008,#1009,#1010);
#1008=CARTESIAN_POINT('',(3.67394039744206E-16,0.,3.));
#1009=DIRECTION('',(-1.22464679914735E-16,0.,-1.));
#1010=DIRECTION('',(-1.,0.,1.22464679914735E-16));
#1011=FACE_BOUND('',#1012,.T.);
#1012=EDGE_LOOP('',(#1641,#1642,#1643,#1644));
#1013=CYLINDRICAL_SURFACE('',#1014,1.);
#1014=AXIS2_PLACEMENT_3D('',#1015,#1016,#1017);
#1015=CARTESIAN_POINT('',(-33.,35.3,-2.));
#1016=DIRECTION('',(0.,0.,-1.));
#1017=DIRECTION('',(0.,-1.,0.));
#1018=FACE_BOUND('',#1019,.T.);
#1019=EDGE_LOOP('',(#1645,#1646,#1647,#1648,#1649,#1650,#1651,#1652));
#1020=PLANE('',#1021);
#1021=AXIS2_PLACEMENT_3D('',#1022,#1023,#1024);
#1022=CARTESIAN_POINT('',(0.,0.,3.));
#1023=DIRECTION('',(0.,0.,1.));
#1024=DIRECTION('',(1.,0.,0.));
#1025=FACE_BOUND('',#1026,.T.);
#1026=EDGE_LOOP('',(#1653,#1654,#1655,#1656));
#1027=CYLINDRICAL_SURFACE('',#1028,3.35);
#1028=AXIS2_PLACEMENT_3D('',#1029,#1030,#1031);
#1029=CARTESIAN_POINT('',(-30.65,37.65,-13.4));
#1030=DIRECTION('',(0.,0.,-1.));
#1031=DIRECTION('',(-1.,0.,0.));
#1032=FACE_BOUND('',#1033,.T.);
#1033=EDGE_LOOP('',(#1657,#1658,#1659,#1660,#1661,#1662,#1663,#1664));
#1034=PLANE('',#1035);
#1035=AXIS2_PLACEMENT_3D('',#1036,#1037,#1038);
#1036=CARTESIAN_POINT('',(0.,-3.67394039744206E-16,3.));
#1037=DIRECTION('',(0.,1.22464679914735E-16,-1.));
#1038=DIRECTION('',(1.,0.,0.));
#1039=FACE_BOUND('',#1040,.T.);
#1040=EDGE_LOOP('',(#1665,#1666,#1667,#1668));
#1041=PLANE('',#1042);
#1042=AXIS2_PLACEMENT_3D('',#1043,#1044,#1045);
#1043=CARTESIAN_POINT('',(-34.,-31.,2.));
#1044=DIRECTION('',(0.,-1.,0.));
#1045=DIRECTION('',(1.,0.,0.));
#1046=FACE_BOUND('',#1047,.T.);
#1047=EDGE_LOOP('',(#1669,#1670,#1671,#1672));
#1048=CYLINDRICAL_SURFACE('',#1049,2.);
#1049=AXIS2_PLACEMENT_3D('',#1050,#1051,#1052);
#1050=CARTESIAN_POINT('',(-42.,-29.,5.));
#1051=DIRECTION('',(1.,0.,0.));
#1052=DIRECTION('',(1.57772181044202E-30,0.,1.));
#1053=FACE_BOUND('',#1054,.T.);
#1054=EDGE_LOOP('',(#1673,#1674,#1675,#1676));
#1055=PLANE('',#1056);
#1056=AXIS2_PLACEMENT_3D('',#1057,#1058,#1059);
#1057=CARTESIAN_POINT('',(0.,0.,7.));
#1058=DIRECTION('',(0.,0.,1.));
#1059=DIRECTION('',(-1.,1.22464679914735E-16,0.));
#1060=FACE_BOUND('',#1061,.T.);
#1061=EDGE_LOOP('',(#1677,#1678,#1679,#1680));
#1062=CYLINDRICAL_SURFACE('',#1063,2.);
#1063=AXIS2_PLACEMENT_3D('',#1064,#1065,#1066);
#1064=CARTESIAN_POINT('',(-24.8,29.,5.));
#1065=DIRECTION('',(-1.,0.,0.));
#1066=DIRECTION('',(0.,0.,1.));
#1067=FACE_BOUND('',#1068,.T.);
#1068=EDGE_LOOP('',(#1681,#1682,#1683,#1684));
#1069=PLANE('',#1070);
#1070=AXIS2_PLACEMENT_3D('',#1071,#1072,#1073);
#1071=CARTESIAN_POINT('',(-32.8,31.,2.));
#1072=DIRECTION('',(0.,1.,0.));
#1073=DIRECTION('',(-1.,0.,0.));
#1074=FACE_BOUND('',#1075,.T.);
#1075=EDGE_LOOP('',(#1685,#1686,#1687,#1688));
#1076=CYLINDRICAL_SURFACE('',#1077,2.);
#1077=AXIS2_PLACEMENT_3D('',#1078,#1079,#1080);
#1078=CARTESIAN_POINT('',(22.,-49.,5.));
#1079=DIRECTION('',(2.06553120860494E-16,1.,0.));
#1080=DIRECTION('',(0.,0.,1.));
#1081=FACE_BOUND('',#1082,.T.);
#1082=EDGE_LOOP('',(#1689,#1690,#1691,#1692));
#1083=PLANE('',#1084);
#1084=AXIS2_PLACEMENT_3D('',#1085,#1086,#1087);
#1085=CARTESIAN_POINT('',(0.,0.,7.));
#1086=DIRECTION('',(0.,0.,1.));
#1087=DIRECTION('',(-1.,1.22464679914735E-16,0.));
#1088=FACE_BOUND('',#1089,.T.);
#1089=EDGE_LOOP('',(#1693,#1694,#1695,#1696));
#1090=CYLINDRICAL_SURFACE('',#1091,2.);
#1091=AXIS2_PLACEMENT_3D('',#1092,#1093,#1094);
#1092=CARTESIAN_POINT('',(-22.,-31.8,5.));
#1093=DIRECTION('',(-2.06553120860495E-16,-1.,0.));
#1094=DIRECTION('',(4.03603253834007E-30,0.,1.));
#1095=FACE_BOUND('',#1096,.T.);
#1096=EDGE_LOOP('',(#1697,#1698,#1699,#1700));
#1097=PLANE('',#1098);
#1098=AXIS2_PLACEMENT_3D('',#1099,#1100,#1101);
#1099=CARTESIAN_POINT('',(-24.,-39.8,2.));
#1100=DIRECTION('',(-1.,0.,0.));
#1101=DIRECTION('',(0.,-1.,0.));
#1102=FACE_BOUND('',#1103,.T.);
#1103=EDGE_LOOP('',(#1701,#1702,#1703,#1704));
#1104=PLANE('',#1105);
#1105=AXIS2_PLACEMENT_3D('',#1106,#1107,#1108);
#1106=CARTESIAN_POINT('',(24.,-41.,2.));
#1107=DIRECTION('',(1.,0.,0.));
#1108=DIRECTION('',(0.,1.,0.));
#1109=FACE_BOUND('',#1110,.T.);
#1110=EDGE_LOOP('',(#1705,#1706,#1707,#1708,#1709,#1710));
#1111=PLANE('',#1112);
#1112=AXIS2_PLACEMENT_3D('',#1113,#1114,#1115);
#1113=CARTESIAN_POINT('',(24.,-39.8,2.));
#1114=DIRECTION('',(0.,1.,0.));
#1115=DIRECTION('',(-1.,0.,0.));
#1116=FACE_BOUND('',#1117,.T.);
#1117=EDGE_LOOP('',(#1711,#1712,#1713,#1714,#1715,#1716));
#1118=PLANE('',#1119);
#1119=AXIS2_PLACEMENT_3D('',#1120,#1121,#1122);
#1120=CARTESIAN_POINT('',(32.8,31.,2.));
#1121=DIRECTION('',(-1.,1.06742654201426E-16,0.));
#1122=DIRECTION('',(-1.06742654201426E-16,-1.,0.));
#1123=FACE_BOUND('',#1124,.T.);
#1124=EDGE_LOOP('',(#1717,#1718,#1719,#1720));
#1125=PLANE('',#1126);
#1126=AXIS2_PLACEMENT_3D('',#1127,#1128,#1129);
#1127=CARTESIAN_POINT('',(34.,34.3,2.));
#1128=DIRECTION('',(0.,1.,0.));
#1129=DIRECTION('',(-1.,0.,1.22464679914735E-16));
#1130=FACE_BOUND('',#1131,.T.);
#1131=EDGE_LOOP('',(#1721,#1722,#1723,#1724));
#1132=CYLINDRICAL_SURFACE('',#1133,1.);
#1133=AXIS2_PLACEMENT_3D('',#1134,#1135,#1136);
#1134=CARTESIAN_POINT('',(28.3,35.3,-2.));
#1135=DIRECTION('',(0.,0.,1.));
#1136=DIRECTION('',(-1.,0.,0.));
#1137=FACE_BOUND('',#1138,.T.);
#1138=EDGE_LOOP('',(#1725,#1726,#1727,#1728));
#1139=PLANE('',#1140);
#1140=AXIS2_PLACEMENT_3D('',#1141,#1142,#1143);
#1141=CARTESIAN_POINT('',(27.3,34.3,2.));
#1142=DIRECTION('',(1.,0.,-1.22464679914735E-16));
#1143=DIRECTION('',(0.,1.,0.));
#1144=FACE_BOUND('',#1145,.T.);
#1145=EDGE_LOOP('',(#1729,#1730,#1731,#1732));
#1146=CYLINDRICAL_SURFACE('',#1147,1.);
#1147=AXIS2_PLACEMENT_3D('',#1148,#1149,#1150);
#1148=CARTESIAN_POINT('',(28.3,40.,-2.));
#1149=DIRECTION('',(0.,0.,1.));
#1150=DIRECTION('',(0.,1.,0.));
#1151=FACE_BOUND('',#1152,.T.);
#1152=EDGE_LOOP('',(#1733,#1734,#1735,#1736,#1737,#1738,#1739,#1740,#1741,#1742,
#1743,#1744,#1745,#1746));
#1153=PLANE('',#1154);
#1154=AXIS2_PLACEMENT_3D('',#1155,#1156,#1157);
#1155=CARTESIAN_POINT('',(34.,41.,0.));
#1156=DIRECTION('',(2.089831575765E-16,1.,0.));
#1157=DIRECTION('',(-1.,2.089831575765E-16,0.));
#1158=FACE_BOUND('',#1159,.T.);
#1159=EDGE_LOOP('',(#1747,#1748,#1749,#1750));
#1160=PLANE('',#1161);
#1161=AXIS2_PLACEMENT_3D('',#1162,#1163,#1164);
#1162=CARTESIAN_POINT('',(24.,39.8,2.));
#1163=DIRECTION('',(1.,1.22464679914735E-16,0.));
#1164=DIRECTION('',(-1.22464679914735E-16,1.,0.));
#1165=FACE_BOUND('',#1166,.T.);
#1166=EDGE_LOOP('',(#1751,#1752,#1753,#1754,#1755,#1756,#1757,#1758,#1759,#1760));
#1167=PLANE('',#1168);
#1168=AXIS2_PLACEMENT_3D('',#1169,#1170,#1171);
#1169=CARTESIAN_POINT('',(-24.,39.8,2.));
#1170=DIRECTION('',(1.22464679914735E-16,-1.,0.));
#1171=DIRECTION('',(1.,1.22464679914735E-16,0.));
#1172=FACE_BOUND('',#1173,.T.);
#1173=EDGE_LOOP('',(#1761,#1762,#1763,#1764));
#1174=CYLINDRICAL_SURFACE('',#1175,1.6);
#1175=AXIS2_PLACEMENT_3D('',#1176,#1177,#1178);
#1176=CARTESIAN_POINT('',(3.15000000000001,38.2,-6.4));
#1177=DIRECTION('',(0.,0.,-1.));
#1178=DIRECTION('',(-8.32667268468867E-16,1.,0.));
#1179=FACE_BOUND('',#1180,.T.);
#1180=EDGE_LOOP('',(#1765,#1766,#1767,#1768));
#1181=PLANE('',#1182);
#1182=AXIS2_PLACEMENT_3D('',#1183,#1184,#1185);
#1183=CARTESIAN_POINT('',(-4.74999999999999,36.6,-8.));
#1184=DIRECTION('',(0.,-1.,0.));
#1185=DIRECTION('',(1.,0.,0.));
#1186=FACE_BOUND('',#1187,.T.);
#1187=EDGE_LOOP('',(#1769,#1770,#1771,#1772));
#1188=CYLINDRICAL_SURFACE('',#1189,1.6);
#1189=AXIS2_PLACEMENT_3D('',#1190,#1191,#1192);
#1190=CARTESIAN_POINT('',(-3.14999999999999,38.2,-6.4));
#1191=DIRECTION('',(6.00120553851436E-17,0.,-1.));
#1192=DIRECTION('',(0.,-1.,0.));
#1193=FACE_BOUND('',#1194,.T.);
#1194=EDGE_LOOP('',(#1773,#1774,#1775,#1776));
#1195=PLANE('',#1196);
#1196=AXIS2_PLACEMENT_3D('',#1197,#1198,#1199);
#1197=CARTESIAN_POINT('',(-24.,41.,2.));
#1198=DIRECTION('',(-1.,-1.22464679914735E-16,0.));
#1199=DIRECTION('',(1.22464679914735E-16,-1.,0.));
#1200=FACE_BOUND('',#1201,.T.);
#1201=EDGE_LOOP('',(#1777,#1778,#1779,#1780));
#1202=CYLINDRICAL_SURFACE('',#1203,1.);
#1203=AXIS2_PLACEMENT_3D('',#1204,#1205,#1206);
#1204=CARTESIAN_POINT('',(-28.3,40.,-2.));
#1205=DIRECTION('',(0.,0.,-1.));
#1206=DIRECTION('',(-1.06581410364015E-14,1.,0.));
#1207=FACE_BOUND('',#1208,.T.);
#1208=EDGE_LOOP('',(#1781,#1782,#1783,#1784));
#1209=PLANE('',#1210);
#1210=AXIS2_PLACEMENT_3D('',#1211,#1212,#1213);
#1211=CARTESIAN_POINT('',(-27.3,34.3,2.));
#1212=DIRECTION('',(1.,0.,0.));
#1213=DIRECTION('',(0.,1.,0.));
#1214=FACE_BOUND('',#1215,.T.);
#1215=EDGE_LOOP('',(#1785,#1786,#1787,#1788));
#1216=CYLINDRICAL_SURFACE('',#1217,1.);
#1217=AXIS2_PLACEMENT_3D('',#1218,#1219,#1220);
#1218=CARTESIAN_POINT('',(-28.3,35.3,-2.));
#1219=DIRECTION('',(0.,0.,-1.));
#1220=DIRECTION('',(1.,0.,0.));
#1221=FACE_BOUND('',#1222,.T.);
#1222=EDGE_LOOP('',(#1789,#1790,#1791,#1792));
#1223=PLANE('',#1224);
#1224=AXIS2_PLACEMENT_3D('',#1225,#1226,#1227);
#1225=CARTESIAN_POINT('',(-34.,34.3,2.));
#1226=DIRECTION('',(0.,-1.,0.));
#1227=DIRECTION('',(1.,0.,0.));
#1228=FACE_BOUND('',#1229,.T.);
#1229=EDGE_LOOP('',(#1793,#1794,#1795,#1796,#1797,#1798));
#1230=PLANE('',#1231);
#1231=AXIS2_PLACEMENT_3D('',#1232,#1233,#1234);
#1232=CARTESIAN_POINT('',(-32.8,-31.,2.));
#1233=DIRECTION('',(1.,-2.29207334116161E-16,0.));
#1234=DIRECTION('',(2.29207334116161E-16,1.,0.));
#1235=FACE_BOUND('',#1236,.T.);
#1236=EDGE_LOOP('',(#1799,#1800,#1801,#1802));
#1237=CYLINDRICAL_SURFACE('',#1238,1.);
#1238=AXIS2_PLACEMENT_3D('',#1239,#1240,#1241);
#1239=CARTESIAN_POINT('',(-30.9,-33.,-3.));
#1240=DIRECTION('',(0.,0.,-1.));
#1241=DIRECTION('',(0.,-1.,0.));
#1242=FACE_BOUND('',#1243,.T.);
#1243=EDGE_LOOP('',(#1803,#1804,#1805,#1806));
#1244=PLANE('',#1245);
#1245=AXIS2_PLACEMENT_3D('',#1246,#1247,#1248);
#1246=CARTESIAN_POINT('',(-31.9,34.,1.));
#1247=DIRECTION('',(-1.,1.0449157878825E-16,0.));
#1248=DIRECTION('',(-1.0449157878825E-16,-1.,0.));
#1249=FACE_BOUND('',#1250,.T.);
#1250=EDGE_LOOP('',(#1807,#1808,#1809,#1810));
#1251=CYLINDRICAL_SURFACE('',#1252,1.);
#1252=AXIS2_PLACEMENT_3D('',#1253,#1254,#1255);
#1253=CARTESIAN_POINT('',(-30.9,33.,-3.));
#1254=DIRECTION('',(0.,0.,-1.));
#1255=DIRECTION('',(-1.,0.,0.));
#1256=FACE_BOUND('',#1257,.T.);
#1257=EDGE_LOOP('',(#1811,#1812,#1813,#1814,#1815,#1816,#1817,#1818));
#1258=PLANE('',#1259);
#1259=AXIS2_PLACEMENT_3D('',#1260,#1261,#1262);
#1260=CARTESIAN_POINT('',(28.5,34.,0.6));
#1261=DIRECTION('',(1.20430972162729E-16,1.,0.));
#1262=DIRECTION('',(-1.,1.20430972162729E-16,0.));
#1263=FACE_BOUND('',#1264,.T.);
#1264=EDGE_LOOP('',(#1819,#1820,#1821,#1822));
#1265=CYLINDRICAL_SURFACE('',#1266,1.);
#1266=AXIS2_PLACEMENT_3D('',#1267,#1268,#1269);
#1267=CARTESIAN_POINT('',(28.9,33.,-3.));
#1268=DIRECTION('',(0.,0.,-1.));
#1269=DIRECTION('',(0.,1.,0.));
#1270=FACE_BOUND('',#1271,.T.);
#1271=EDGE_LOOP('',(#1823,#1824,#1825,#1826));
#1272=PLANE('',#1273);
#1273=AXIS2_PLACEMENT_3D('',#1274,#1275,#1276);
#1274=CARTESIAN_POINT('',(29.9,-34.,1.));
#1275=DIRECTION('',(1.,-1.0449157878825E-16,0.));
#1276=DIRECTION('',(1.0449157878825E-16,1.,0.));
#1277=FACE_BOUND('',#1278,.T.);
#1278=EDGE_LOOP('',(#1827,#1828,#1829,#1830));
#1279=CYLINDRICAL_SURFACE('',#1280,1.);
#1280=AXIS2_PLACEMENT_3D('',#1281,#1282,#1283);
#1281=CARTESIAN_POINT('',(28.9,-33.,-3.));
#1282=DIRECTION('',(0.,0.,-1.));
#1283=DIRECTION('',(1.,0.,0.));
#1284=FACE_BOUND('',#1285,.T.);
#1285=EDGE_LOOP('',(#1831,#1832,#1833,#1834,#1835,#1836,#1837,#1838));
#1286=PLANE('',#1287);
#1287=AXIS2_PLACEMENT_3D('',#1288,#1289,#1290);
#1288=CARTESIAN_POINT('',(-30.5,-34.,0.6));
#1289=DIRECTION('',(0.,-1.,0.));
#1290=DIRECTION('',(1.,0.,0.));
#1291=FACE_OUTER_BOUND('',#1292,.T.);
#1292=EDGE_LOOP('',(#1839));
#1293=FACE_OUTER_BOUND('',#1294,.T.);
#1294=EDGE_LOOP('',(#1840));
#1295=CYLINDRICAL_SURFACE('',#1296,2.55);
#1296=AXIS2_PLACEMENT_3D('',#1297,#1298,#1299);
#1297=CARTESIAN_POINT('',(30.65,37.65,-8.));
#1298=DIRECTION('',(0.,0.,1.));
#1299=DIRECTION('',(-1.,1.22464679914735E-16,0.));
#1300=FACE_OUTER_BOUND('',#1301,.T.);
#1301=EDGE_LOOP('',(#1841));
#1302=FACE_OUTER_BOUND('',#1303,.T.);
#1303=EDGE_LOOP('',(#1842));
#1304=CYLINDRICAL_SURFACE('',#1305,2.55);
#1305=AXIS2_PLACEMENT_3D('',#1306,#1307,#1308);
#1306=CARTESIAN_POINT('',(-30.65,37.65,-8.));
#1307=DIRECTION('',(0.,0.,1.));
#1308=DIRECTION('',(-1.,1.22464679914735E-16,0.));
#1309=FACE_BOUND('',#1310,.T.);
#1310=EDGE_LOOP('',(#1843,#1844,#1845,#1846));
#1311=CYLINDRICAL_SURFACE('',#1312,2.);
#1312=AXIS2_PLACEMENT_3D('',#1313,#1314,#1315);
#1313=CARTESIAN_POINT('',(-22.,49.,5.));
#1314=DIRECTION('',(0.,-1.,0.));
#1315=DIRECTION('',(0.,0.,1.));
#1316=FACE_BOUND('',#1317,.T.);
#1317=EDGE_LOOP('',(#1847,#1848,#1849,#1850));
#1318=PLANE('',#1319);
#1319=AXIS2_PLACEMENT_3D('',#1320,#1321,#1322);
#1320=CARTESIAN_POINT('',(0.,0.,7.));
#1321=DIRECTION('',(0.,0.,1.));
#1322=DIRECTION('',(1.,0.,0.));
#1323=FACE_BOUND('',#1324,.T.);
#1324=EDGE_LOOP('',(#1851,#1852,#1853,#1854));
#1325=CYLINDRICAL_SURFACE('',#1326,2.);
#1326=AXIS2_PLACEMENT_3D('',#1327,#1328,#1329);
#1327=CARTESIAN_POINT('',(22.,31.8,5.));
#1328=DIRECTION('',(0.,1.,0.));
#1329=DIRECTION('',(0.,0.,1.));
#1330=FACE_BOUND('',#1331,.T.);
#1331=EDGE_LOOP('',(#1855,#1856,#1857,#1858,#1859,#1860));
#1332=PLANE('',#1333);
#1333=AXIS2_PLACEMENT_3D('',#1334,#1335,#1336);
#1334=CARTESIAN_POINT('',(0.,0.,1.));
#1335=DIRECTION('',(0.,0.,1.));
#1336=DIRECTION('',(-1.,1.22464679914735E-16,0.));
#1337=FACE_BOUND('',#1338,.T.);
#1338=EDGE_LOOP('',(#1861,#1862,#1863,#1864));
#1339=PLANE('',#1340);
#1340=AXIS2_PLACEMENT_3D('',#1341,#1342,#1343);
#1341=CARTESIAN_POINT('',(-30.5,34.,0.6));
#1342=DIRECTION('',(-1.,1.0449157878825E-16,0.));
#1343=DIRECTION('',(-1.0449157878825E-16,-1.,0.));
#1344=FACE_BOUND('',#1345,.T.);
#1345=EDGE_LOOP('',(#1865,#1866,#1867,#1868));
#1346=PLANE('',#1347);
#1347=AXIS2_PLACEMENT_3D('',#1348,#1349,#1350);
#1348=CARTESIAN_POINT('',(0.,0.,0.6));
#1349=DIRECTION('',(0.,0.,1.));
#1350=DIRECTION('',(-1.,1.22464679914735E-16,0.));
#1351=FACE_BOUND('',#1352,.T.);
#1352=EDGE_LOOP('',(#1869,#1870,#1871,#1872));
#1353=PLANE('',#1354);
#1354=AXIS2_PLACEMENT_3D('',#1355,#1356,#1357);
#1355=CARTESIAN_POINT('',(28.5,-34.,0.6));
#1356=DIRECTION('',(1.,-1.0449157878825E-16,0.));
#1357=DIRECTION('',(1.0449157878825E-16,1.,0.));
#1358=FACE_BOUND('',#1359,.T.);
#1359=EDGE_LOOP('',(#1873,#1874,#1875,#1876,#1877,#1878));
#1360=PLANE('',#1361);
#1361=AXIS2_PLACEMENT_3D('',#1362,#1363,#1364);
#1362=CARTESIAN_POINT('',(0.,0.,1.));
#1363=DIRECTION('',(0.,0.,1.));
#1364=DIRECTION('',(-1.,1.22464679914735E-16,0.));
#1365=FACE_BOUND('',#1366,.T.);
#1366=EDGE_LOOP('',(#1879));
#1367=PLANE('',#1368);
#1368=AXIS2_PLACEMENT_3D('',#1369,#1370,#1371);
#1369=CARTESIAN_POINT('',(2.44929359829471E-16,0.,2.));
#1370=DIRECTION('',(-1.22464679914735E-16,0.,-1.));
#1371=DIRECTION('',(-1.,0.,1.22464679914735E-16));
#1372=FACE_BOUND('',#1373,.T.);
#1373=EDGE_LOOP('',(#1880));
#1374=PLANE('',#1375);
#1375=AXIS2_PLACEMENT_3D('',#1376,#1377,#1378);
#1376=CARTESIAN_POINT('',(0.,0.,2.));
#1377=DIRECTION('',(0.,0.,1.));
#1378=DIRECTION('',(1.,0.,0.));
#1379=FACE_BOUND('',#1380,.T.);
#1380=EDGE_LOOP('',(#1881,#1882,#1883,#1884));
#1381=CYLINDRICAL_SURFACE('',#1382,1.);
#1382=AXIS2_PLACEMENT_3D('',#1383,#1384,#1385);
#1383=CARTESIAN_POINT('',(-33.,-35.3,-2.));
#1384=DIRECTION('',(0.,0.,1.));
#1385=DIRECTION('',(0.,1.,0.));
#1386=FACE_BOUND('',#1387,.T.);
#1387=EDGE_LOOP('',(#1885,#1886,#1887,#1888));
#1388=CYLINDRICAL_SURFACE('',#1389,1.);
#1389=AXIS2_PLACEMENT_3D('',#1390,#1391,#1392);
#1390=CARTESIAN_POINT('',(-28.3,-40.,-2.));
#1391=DIRECTION('',(0.,0.,1.));
#1392=DIRECTION('',(0.,-1.,0.));
#1393=FACE_BOUND('',#1394,.T.);
#1394=EDGE_LOOP('',(#1889,#1890,#1891,#1892));
#1395=CYLINDRICAL_SURFACE('',#1396,1.);
#1396=AXIS2_PLACEMENT_3D('',#1397,#1398,#1399);
#1397=CARTESIAN_POINT('',(-28.3,-35.3,-2.));
#1398=DIRECTION('',(0.,0.,1.));
#1399=DIRECTION('',(1.,0.,0.));
#1400=FACE_BOUND('',#1401,.T.);
#1401=EDGE_LOOP('',(#1893,#1894,#1895,#1896));
#1402=CYLINDRICAL_SURFACE('',#1403,1.);
#1403=AXIS2_PLACEMENT_3D('',#1404,#1405,#1406);
#1404=CARTESIAN_POINT('',(33.,-35.3,-2.00000000000001));
#1405=DIRECTION('',(0.,0.,-1.));
#1406=DIRECTION('',(0.,1.,0.));
#1407=FACE_BOUND('',#1408,.T.);
#1408=EDGE_LOOP('',(#1897,#1898,#1899,#1900));
#1409=CYLINDRICAL_SURFACE('',#1410,1.);
#1410=AXIS2_PLACEMENT_3D('',#1411,#1412,#1413);
#1411=CARTESIAN_POINT('',(28.3,-40.,-2.00000000000001));
#1412=DIRECTION('',(0.,0.,-1.));
#1413=DIRECTION('',(1.06581410364015E-14,-1.,0.));
#1414=FACE_BOUND('',#1415,.T.);
#1415=EDGE_LOOP('',(#1901,#1902,#1903,#1904));
#1416=CYLINDRICAL_SURFACE('',#1417,1.);
#1417=AXIS2_PLACEMENT_3D('',#1418,#1419,#1420);
#1418=CARTESIAN_POINT('',(28.3,-35.3,-2.00000000000001));
#1419=DIRECTION('',(0.,0.,-1.));
#1420=DIRECTION('',(-1.,0.,0.));
#1421=FACE_OUTER_BOUND('',#1422,.T.);
#1422=EDGE_LOOP('',(#1905));
#1423=FACE_OUTER_BOUND('',#1424,.T.);
#1424=EDGE_LOOP('',(#1906));
#1425=CONICAL_SURFACE('',#1426,2.75,0.785398163397446);
#1426=AXIS2_PLACEMENT_3D('',#1427,#1428,#1429);
#1427=CARTESIAN_POINT('',(30.65,-37.65,0.2));
#1428=DIRECTION('',(0.,0.,-1.));
#1429=DIRECTION('',(1.,0.,0.));
#1430=FACE_OUTER_BOUND('',#1431,.T.);
#1431=EDGE_LOOP('',(#1907));
#1432=FACE_OUTER_BOUND('',#1433,.T.);
#1433=EDGE_LOOP('',(#1908));
#1434=CONICAL_SURFACE('',#1435,2.75,0.785398163397446);
#1435=AXIS2_PLACEMENT_3D('',#1436,#1437,#1438);
#1436=CARTESIAN_POINT('',(-30.65,-37.65,0.2));
#1437=DIRECTION('',(0.,0.,-1.));
#1438=DIRECTION('',(1.,0.,0.));
#1439=FACE_OUTER_BOUND('',#1440,.T.);
#1440=EDGE_LOOP('',(#1909));
#1441=FACE_OUTER_BOUND('',#1442,.T.);
#1442=EDGE_LOOP('',(#1910));
#1443=CONICAL_SURFACE('',#1444,2.75,0.785398163397446);
#1444=AXIS2_PLACEMENT_3D('',#1445,#1446,#1447);
#1445=CARTESIAN_POINT('',(30.65,37.65,0.2));
#1446=DIRECTION('',(0.,0.,-1.));
#1447=DIRECTION('',(1.,-2.58379176640036E-15,0.));
#1448=FACE_OUTER_BOUND('',#1449,.T.);
#1449=EDGE_LOOP('',(#1911));
#1450=FACE_OUTER_BOUND('',#1451,.T.);
#1451=EDGE_LOOP('',(#1912));
#1452=CONICAL_SURFACE('',#1453,2.75,0.785398163397446);
#1453=AXIS2_PLACEMENT_3D('',#1454,#1455,#1456);
#1454=CARTESIAN_POINT('',(-30.65,37.65,0.2));
#1455=DIRECTION('',(0.,0.,-1.));
#1456=DIRECTION('',(1.,0.,0.));
#1457=ORIENTED_EDGE('',*,*,#1913,.T.);
#1458=ORIENTED_EDGE('',*,*,#1914,.F.);
#1459=ORIENTED_EDGE('',*,*,#1915,.F.);
#1460=ORIENTED_EDGE('',*,*,#1916,.T.);
#1461=ORIENTED_EDGE('',*,*,#1917,.T.);
#1462=ORIENTED_EDGE('',*,*,#1918,.T.);
#1463=ORIENTED_EDGE('',*,*,#1919,.F.);
#1464=ORIENTED_EDGE('',*,*,#1920,.F.);
#1465=ORIENTED_EDGE('',*,*,#1921,.T.);
#1466=ORIENTED_EDGE('',*,*,#1922,.F.);
#1467=ORIENTED_EDGE('',*,*,#1923,.F.);
#1468=ORIENTED_EDGE('',*,*,#1924,.F.);
#1469=ORIENTED_EDGE('',*,*,#1925,.F.);
#1470=ORIENTED_EDGE('',*,*,#1926,.F.);
#1471=ORIENTED_EDGE('',*,*,#1927,.F.);
#1472=ORIENTED_EDGE('',*,*,#1928,.T.);
#1473=ORIENTED_EDGE('',*,*,#1915,.T.);
#1474=ORIENTED_EDGE('',*,*,#1929,.F.);
#1475=ORIENTED_EDGE('',*,*,#1930,.F.);
#1476=ORIENTED_EDGE('',*,*,#1931,.F.);
#1477=ORIENTED_EDGE('',*,*,#1932,.T.);
#1478=ORIENTED_EDGE('',*,*,#1933,.F.);
#1479=ORIENTED_EDGE('',*,*,#1934,.F.);
#1480=ORIENTED_EDGE('',*,*,#1935,.F.);
#1481=ORIENTED_EDGE('',*,*,#1936,.F.);
#1482=ORIENTED_EDGE('',*,*,#1937,.F.);
#1483=ORIENTED_EDGE('',*,*,#1938,.T.);
#1484=ORIENTED_EDGE('',*,*,#1939,.F.);
#1485=ORIENTED_EDGE('',*,*,#1940,.F.);
#1486=ORIENTED_EDGE('',*,*,#1941,.T.);
#1487=ORIENTED_EDGE('',*,*,#1942,.T.);
#1488=ORIENTED_EDGE('',*,*,#1943,.T.);
#1489=ORIENTED_EDGE('',*,*,#1942,.F.);
#1490=ORIENTED_EDGE('',*,*,#1944,.T.);
#1491=ORIENTED_EDGE('',*,*,#1945,.T.);
#1492=ORIENTED_EDGE('',*,*,#1946,.T.);
#1493=ORIENTED_EDGE('',*,*,#1947,.F.);
#1494=ORIENTED_EDGE('',*,*,#1948,.F.);
#1495=ORIENTED_EDGE('',*,*,#1949,.T.);
#1496=ORIENTED_EDGE('',*,*,#1950,.F.);
#1497=ORIENTED_EDGE('',*,*,#1951,.F.);
#1498=ORIENTED_EDGE('',*,*,#1952,.F.);
#1499=ORIENTED_EDGE('',*,*,#1953,.F.);
#1500=ORIENTED_EDGE('',*,*,#1954,.F.);
#1501=ORIENTED_EDGE('',*,*,#1955,.T.);
#1502=ORIENTED_EDGE('',*,*,#1956,.T.);
#1503=ORIENTED_EDGE('',*,*,#1945,.F.);
#1504=ORIENTED_EDGE('',*,*,#1957,.T.);
#1505=ORIENTED_EDGE('',*,*,#1927,.T.);
#1506=ORIENTED_EDGE('',*,*,#1958,.F.);
#1507=ORIENTED_EDGE('',*,*,#1959,.F.);
#1508=ORIENTED_EDGE('',*,*,#1960,.F.);
#1509=ORIENTED_EDGE('',*,*,#1961,.F.);
#1510=ORIENTED_EDGE('',*,*,#1962,.F.);
#1511=ORIENTED_EDGE('',*,*,#1963,.F.);
#1512=ORIENTED_EDGE('',*,*,#1964,.F.);
#1513=ORIENTED_EDGE('',*,*,#1965,.F.);
#1514=ORIENTED_EDGE('',*,*,#1926,.T.);
#1515=ORIENTED_EDGE('',*,*,#1966,.F.);
#1516=ORIENTED_EDGE('',*,*,#1967,.F.);
#1517=ORIENTED_EDGE('',*,*,#1968,.F.);
#1518=ORIENTED_EDGE('',*,*,#1920,.T.);
#1519=ORIENTED_EDGE('',*,*,#1969,.F.);
#1520=ORIENTED_EDGE('',*,*,#1970,.F.);
#1521=ORIENTED_EDGE('',*,*,#1971,.F.);
#1522=ORIENTED_EDGE('',*,*,#1972,.F.);
#1523=ORIENTED_EDGE('',*,*,#1973,.F.);
#1524=ORIENTED_EDGE('',*,*,#1974,.T.);
#1525=ORIENTED_EDGE('',*,*,#1975,.F.);
#1526=ORIENTED_EDGE('',*,*,#1976,.F.);
#1527=ORIENTED_EDGE('',*,*,#1977,.F.);
#1528=ORIENTED_EDGE('',*,*,#1978,.T.);
#1529=ORIENTED_EDGE('',*,*,#1979,.F.);
#1530=ORIENTED_EDGE('',*,*,#1980,.F.);
#1531=ORIENTED_EDGE('',*,*,#1981,.F.);
#1532=ORIENTED_EDGE('',*,*,#1982,.T.);
#1533=ORIENTED_EDGE('',*,*,#1983,.F.);
#1534=ORIENTED_EDGE('',*,*,#1984,.F.);
#1535=ORIENTED_EDGE('',*,*,#1985,.F.);
#1536=ORIENTED_EDGE('',*,*,#1986,.F.);
#1537=ORIENTED_EDGE('',*,*,#1987,.F.);
#1538=ORIENTED_EDGE('',*,*,#1937,.T.);
#1539=ORIENTED_EDGE('',*,*,#1988,.F.);
#1540=ORIENTED_EDGE('',*,*,#1989,.F.);
#1541=ORIENTED_EDGE('',*,*,#1990,.F.);
#1542=ORIENTED_EDGE('',*,*,#1931,.T.);
#1543=ORIENTED_EDGE('',*,*,#1991,.F.);
#1544=ORIENTED_EDGE('',*,*,#1992,.F.);
#1545=ORIENTED_EDGE('',*,*,#1993,.F.);
#1546=ORIENTED_EDGE('',*,*,#1994,.F.);
#1547=ORIENTED_EDGE('',*,*,#1995,.F.);
#1548=ORIENTED_EDGE('',*,*,#1954,.T.);
#1549=ORIENTED_EDGE('',*,*,#1996,.F.);
#1550=ORIENTED_EDGE('',*,*,#1997,.F.);
#1551=ORIENTED_EDGE('',*,*,#1998,.F.);
#1552=ORIENTED_EDGE('',*,*,#1948,.T.);
#1553=ORIENTED_EDGE('',*,*,#1999,.F.);
#1554=ORIENTED_EDGE('',*,*,#2000,.F.);
#1555=ORIENTED_EDGE('',*,*,#2001,.F.);
#1556=ORIENTED_EDGE('',*,*,#2002,.T.);
#1557=ORIENTED_EDGE('',*,*,#2003,.F.);
#1558=ORIENTED_EDGE('',*,*,#2004,.T.);
#1559=ORIENTED_EDGE('',*,*,#2005,.F.);
#1560=ORIENTED_EDGE('',*,*,#2006,.T.);
#1561=ORIENTED_EDGE('',*,*,#2007,.F.);
#1562=ORIENTED_EDGE('',*,*,#2008,.T.);
#1563=ORIENTED_EDGE('',*,*,#1959,.T.);
#1564=ORIENTED_EDGE('',*,*,#2009,.F.);
#1565=ORIENTED_EDGE('',*,*,#2000,.T.);
#1566=ORIENTED_EDGE('',*,*,#2010,.T.);
#1567=ORIENTED_EDGE('',*,*,#2011,.F.);
#1568=ORIENTED_EDGE('',*,*,#2012,.T.);
#1569=ORIENTED_EDGE('',*,*,#2013,.F.);
#1570=ORIENTED_EDGE('',*,*,#2014,.F.);
#1571=ORIENTED_EDGE('',*,*,#1964,.T.);
#1572=ORIENTED_EDGE('',*,*,#1961,.T.);
#1573=ORIENTED_EDGE('',*,*,#2015,.T.);
#1574=ORIENTED_EDGE('',*,*,#2016,.T.);
#1575=ORIENTED_EDGE('',*,*,#2017,.F.);
#1576=ORIENTED_EDGE('',*,*,#1994,.T.);
#1577=ORIENTED_EDGE('',*,*,#2018,.F.);
#1578=ORIENTED_EDGE('',*,*,#1992,.T.);
#1579=ORIENTED_EDGE('',*,*,#2019,.T.);
#1580=ORIENTED_EDGE('',*,*,#2020,.T.);
#1581=ORIENTED_EDGE('',*,*,#1919,.T.);
#1582=ORIENTED_EDGE('',*,*,#2021,.T.);
#1583=ORIENTED_EDGE('',*,*,#2022,.F.);
#1584=ORIENTED_EDGE('',*,*,#1969,.T.);
#1585=ORIENTED_EDGE('',*,*,#2023,.F.);
#1586=ORIENTED_EDGE('',*,*,#1921,.F.);
#1587=ORIENTED_EDGE('',*,*,#1968,.T.);
#1588=ORIENTED_EDGE('',*,*,#2024,.T.);
#1589=ORIENTED_EDGE('',*,*,#2023,.T.);
#1590=ORIENTED_EDGE('',*,*,#2025,.T.);
#1591=ORIENTED_EDGE('',*,*,#2026,.F.);
#1592=ORIENTED_EDGE('',*,*,#1922,.T.);
#1593=ORIENTED_EDGE('',*,*,#2027,.T.);
#1594=ORIENTED_EDGE('',*,*,#1923,.T.);
#1595=ORIENTED_EDGE('',*,*,#2026,.T.);
#1596=ORIENTED_EDGE('',*,*,#2028,.T.);
#1597=ORIENTED_EDGE('',*,*,#2029,.T.);
#1598=ORIENTED_EDGE('',*,*,#1924,.T.);
#1599=ORIENTED_EDGE('',*,*,#2027,.F.);
#1600=ORIENTED_EDGE('',*,*,#2030,.T.);
#1601=ORIENTED_EDGE('',*,*,#2029,.F.);
#1602=ORIENTED_EDGE('',*,*,#2031,.F.);
#1603=ORIENTED_EDGE('',*,*,#1966,.T.);
#1604=ORIENTED_EDGE('',*,*,#1925,.T.);
#1605=ORIENTED_EDGE('',*,*,#2032,.F.);
#1606=ORIENTED_EDGE('',*,*,#2011,.T.);
#1607=ORIENTED_EDGE('',*,*,#2033,.F.);
#1608=ORIENTED_EDGE('',*,*,#1958,.T.);
#1609=ORIENTED_EDGE('',*,*,#1929,.T.);
#1610=ORIENTED_EDGE('',*,*,#1914,.T.);
#1611=ORIENTED_EDGE('',*,*,#2034,.F.);
#1612=ORIENTED_EDGE('',*,*,#2013,.T.);
#1613=ORIENTED_EDGE('',*,*,#2035,.F.);
#1614=ORIENTED_EDGE('',*,*,#1916,.F.);
#1615=ORIENTED_EDGE('',*,*,#1928,.F.);
#1616=ORIENTED_EDGE('',*,*,#1957,.F.);
#1617=ORIENTED_EDGE('',*,*,#1944,.F.);
#1618=ORIENTED_EDGE('',*,*,#1941,.F.);
#1619=ORIENTED_EDGE('',*,*,#2036,.F.);
#1620=ORIENTED_EDGE('',*,*,#2037,.F.);
#1621=ORIENTED_EDGE('',*,*,#2038,.T.);
#1622=ORIENTED_EDGE('',*,*,#2039,.T.);
#1623=ORIENTED_EDGE('',*,*,#2040,.F.);
#1624=ORIENTED_EDGE('',*,*,#2041,.T.);
#1625=ORIENTED_EDGE('',*,*,#2042,.F.);
#1626=ORIENTED_EDGE('',*,*,#2043,.T.);
#1627=ORIENTED_EDGE('',*,*,#2044,.T.);
#1628=ORIENTED_EDGE('',*,*,#2045,.T.);
#1629=ORIENTED_EDGE('',*,*,#1917,.F.);
#1630=ORIENTED_EDGE('',*,*,#2035,.T.);
#1631=ORIENTED_EDGE('',*,*,#2046,.T.);
#1632=ORIENTED_EDGE('',*,*,#2047,.T.);
#1633=ORIENTED_EDGE('',*,*,#2048,.F.);
#1634=ORIENTED_EDGE('',*,*,#2049,.F.);
#1635=ORIENTED_EDGE('',*,*,#2021,.F.);
#1636=ORIENTED_EDGE('',*,*,#1918,.F.);
#1637=ORIENTED_EDGE('',*,*,#2047,.F.);
#1638=ORIENTED_EDGE('',*,*,#2050,.F.);
#1639=ORIENTED_EDGE('',*,*,#2051,.F.);
#1640=ORIENTED_EDGE('',*,*,#2052,.F.);
#1641=ORIENTED_EDGE('',*,*,#1938,.F.);
#1642=ORIENTED_EDGE('',*,*,#1987,.T.);
#1643=ORIENTED_EDGE('',*,*,#2053,.T.);
#1644=ORIENTED_EDGE('',*,*,#2054,.T.);
#1645=ORIENTED_EDGE('',*,*,#2055,.F.);
#1646=ORIENTED_EDGE('',*,*,#2056,.T.);
#1647=ORIENTED_EDGE('',*,*,#2057,.F.);
#1648=ORIENTED_EDGE('',*,*,#2058,.T.);
#1649=ORIENTED_EDGE('',*,*,#2059,.T.);
#1650=ORIENTED_EDGE('',*,*,#1939,.T.);
#1651=ORIENTED_EDGE('',*,*,#2054,.F.);
#1652=ORIENTED_EDGE('',*,*,#2060,.T.);
#1653=ORIENTED_EDGE('',*,*,#2061,.F.);
#1654=ORIENTED_EDGE('',*,*,#2036,.T.);
#1655=ORIENTED_EDGE('',*,*,#1940,.T.);
#1656=ORIENTED_EDGE('',*,*,#2059,.F.);
#1657=ORIENTED_EDGE('',*,*,#2062,.F.);
#1658=ORIENTED_EDGE('',*,*,#2020,.F.);
#1659=ORIENTED_EDGE('',*,*,#2063,.F.);
#1660=ORIENTED_EDGE('',*,*,#1943,.F.);
#1661=ORIENTED_EDGE('',*,*,#1946,.F.);
#1662=ORIENTED_EDGE('',*,*,#1956,.F.);
#1663=ORIENTED_EDGE('',*,*,#2064,.F.);
#1664=ORIENTED_EDGE('',*,*,#2016,.F.);
#1665=ORIENTED_EDGE('',*,*,#2065,.F.);
#1666=ORIENTED_EDGE('',*,*,#1932,.F.);
#1667=ORIENTED_EDGE('',*,*,#1990,.T.);
#1668=ORIENTED_EDGE('',*,*,#2066,.T.);
#1669=ORIENTED_EDGE('',*,*,#2065,.T.);
#1670=ORIENTED_EDGE('',*,*,#2067,.T.);
#1671=ORIENTED_EDGE('',*,*,#2068,.F.);
#1672=ORIENTED_EDGE('',*,*,#1933,.T.);
#1673=ORIENTED_EDGE('',*,*,#2068,.T.);
#1674=ORIENTED_EDGE('',*,*,#2069,.T.);
#1675=ORIENTED_EDGE('',*,*,#2070,.T.);
#1676=ORIENTED_EDGE('',*,*,#1934,.T.);
#1677=ORIENTED_EDGE('',*,*,#2071,.T.);
#1678=ORIENTED_EDGE('',*,*,#1935,.T.);
#1679=ORIENTED_EDGE('',*,*,#2070,.F.);
#1680=ORIENTED_EDGE('',*,*,#2072,.T.);
#1681=ORIENTED_EDGE('',*,*,#2071,.F.);
#1682=ORIENTED_EDGE('',*,*,#2073,.F.);
#1683=ORIENTED_EDGE('',*,*,#1988,.T.);
#1684=ORIENTED_EDGE('',*,*,#1936,.T.);
#1685=ORIENTED_EDGE('',*,*,#2074,.T.);
#1686=ORIENTED_EDGE('',*,*,#2075,.T.);
#1687=ORIENTED_EDGE('',*,*,#2076,.F.);
#1688=ORIENTED_EDGE('',*,*,#1950,.T.);
#1689=ORIENTED_EDGE('',*,*,#2076,.T.);
#1690=ORIENTED_EDGE('',*,*,#2077,.T.);
#1691=ORIENTED_EDGE('',*,*,#2078,.T.);
#1692=ORIENTED_EDGE('',*,*,#1951,.T.);
#1693=ORIENTED_EDGE('',*,*,#2079,.T.);
#1694=ORIENTED_EDGE('',*,*,#1952,.T.);
#1695=ORIENTED_EDGE('',*,*,#2078,.F.);
#1696=ORIENTED_EDGE('',*,*,#2080,.T.);
#1697=ORIENTED_EDGE('',*,*,#2079,.F.);
#1698=ORIENTED_EDGE('',*,*,#2081,.F.);
#1699=ORIENTED_EDGE('',*,*,#1996,.T.);
#1700=ORIENTED_EDGE('',*,*,#1953,.T.);
#1701=ORIENTED_EDGE('',*,*,#2074,.F.);
#1702=ORIENTED_EDGE('',*,*,#1949,.F.);
#1703=ORIENTED_EDGE('',*,*,#1998,.T.);
#1704=ORIENTED_EDGE('',*,*,#2082,.T.);
#1705=ORIENTED_EDGE('',*,*,#2075,.F.);
#1706=ORIENTED_EDGE('',*,*,#2082,.F.);
#1707=ORIENTED_EDGE('',*,*,#1997,.T.);
#1708=ORIENTED_EDGE('',*,*,#2081,.T.);
#1709=ORIENTED_EDGE('',*,*,#2080,.F.);
#1710=ORIENTED_EDGE('',*,*,#2077,.F.);
#1711=ORIENTED_EDGE('',*,*,#2030,.F.);
#1712=ORIENTED_EDGE('',*,*,#2028,.F.);
#1713=ORIENTED_EDGE('',*,*,#2025,.F.);
#1714=ORIENTED_EDGE('',*,*,#2024,.F.);
#1715=ORIENTED_EDGE('',*,*,#1967,.T.);
#1716=ORIENTED_EDGE('',*,*,#2031,.T.);
#1717=ORIENTED_EDGE('',*,*,#2083,.F.);
#1718=ORIENTED_EDGE('',*,*,#1970,.T.);
#1719=ORIENTED_EDGE('',*,*,#2022,.T.);
#1720=ORIENTED_EDGE('',*,*,#2049,.T.);
#1721=ORIENTED_EDGE('',*,*,#2083,.T.);
#1722=ORIENTED_EDGE('',*,*,#2048,.T.);
#1723=ORIENTED_EDGE('',*,*,#2084,.F.);
#1724=ORIENTED_EDGE('',*,*,#1971,.T.);
#1725=ORIENTED_EDGE('',*,*,#2084,.T.);
#1726=ORIENTED_EDGE('',*,*,#2052,.T.);
#1727=ORIENTED_EDGE('',*,*,#2085,.F.);
#1728=ORIENTED_EDGE('',*,*,#1972,.T.);
#1729=ORIENTED_EDGE('',*,*,#2085,.T.);
#1730=ORIENTED_EDGE('',*,*,#2051,.T.);
#1731=ORIENTED_EDGE('',*,*,#2086,.F.);
#1732=ORIENTED_EDGE('',*,*,#1973,.T.);
#1733=ORIENTED_EDGE('',*,*,#2086,.T.);
#1734=ORIENTED_EDGE('',*,*,#2050,.T.);
#1735=ORIENTED_EDGE('',*,*,#2046,.F.);
#1736=ORIENTED_EDGE('',*,*,#2037,.T.);
#1737=ORIENTED_EDGE('',*,*,#2061,.T.);
#1738=ORIENTED_EDGE('',*,*,#2058,.F.);
#1739=ORIENTED_EDGE('',*,*,#2087,.F.);
#1740=ORIENTED_EDGE('',*,*,#1982,.F.);
#1741=ORIENTED_EDGE('',*,*,#2088,.T.);
#1742=ORIENTED_EDGE('',*,*,#2089,.F.);
#1743=ORIENTED_EDGE('',*,*,#2090,.F.);
#1744=ORIENTED_EDGE('',*,*,#2091,.F.);
#1745=ORIENTED_EDGE('',*,*,#2092,.F.);
#1746=ORIENTED_EDGE('',*,*,#1974,.F.);
#1747=ORIENTED_EDGE('',*,*,#2093,.F.);
#1748=ORIENTED_EDGE('',*,*,#2094,.F.);
#1749=ORIENTED_EDGE('',*,*,#1975,.T.);
#1750=ORIENTED_EDGE('',*,*,#2092,.T.);
#1751=ORIENTED_EDGE('',*,*,#2095,.T.);
#1752=ORIENTED_EDGE('',*,*,#1976,.T.);
#1753=ORIENTED_EDGE('',*,*,#2094,.T.);
#1754=ORIENTED_EDGE('',*,*,#2096,.F.);
#1755=ORIENTED_EDGE('',*,*,#2097,.F.);
#1756=ORIENTED_EDGE('',*,*,#2098,.F.);
#1757=ORIENTED_EDGE('',*,*,#2099,.F.);
#1758=ORIENTED_EDGE('',*,*,#1980,.T.);
#1759=ORIENTED_EDGE('',*,*,#2100,.F.);
#1760=ORIENTED_EDGE('',*,*,#2041,.F.);
#1761=ORIENTED_EDGE('',*,*,#1977,.T.);
#1762=ORIENTED_EDGE('',*,*,#2095,.F.);
#1763=ORIENTED_EDGE('',*,*,#2040,.T.);
#1764=ORIENTED_EDGE('',*,*,#2101,.T.);
#1765=ORIENTED_EDGE('',*,*,#2101,.F.);
#1766=ORIENTED_EDGE('',*,*,#2043,.F.);
#1767=ORIENTED_EDGE('',*,*,#2102,.T.);
#1768=ORIENTED_EDGE('',*,*,#1978,.F.);
#1769=ORIENTED_EDGE('',*,*,#2102,.F.);
#1770=ORIENTED_EDGE('',*,*,#2042,.T.);
#1771=ORIENTED_EDGE('',*,*,#2100,.T.);
#1772=ORIENTED_EDGE('',*,*,#1979,.T.);
#1773=ORIENTED_EDGE('',*,*,#2103,.F.);
#1774=ORIENTED_EDGE('',*,*,#2088,.F.);
#1775=ORIENTED_EDGE('',*,*,#1981,.T.);
#1776=ORIENTED_EDGE('',*,*,#2099,.T.);
#1777=ORIENTED_EDGE('',*,*,#2104,.F.);
#1778=ORIENTED_EDGE('',*,*,#1983,.T.);
#1779=ORIENTED_EDGE('',*,*,#2087,.T.);
#1780=ORIENTED_EDGE('',*,*,#2057,.T.);
#1781=ORIENTED_EDGE('',*,*,#2105,.F.);
#1782=ORIENTED_EDGE('',*,*,#1984,.T.);
#1783=ORIENTED_EDGE('',*,*,#2104,.T.);
#1784=ORIENTED_EDGE('',*,*,#2056,.F.);
#1785=ORIENTED_EDGE('',*,*,#2106,.F.);
#1786=ORIENTED_EDGE('',*,*,#1985,.T.);
#1787=ORIENTED_EDGE('',*,*,#2105,.T.);
#1788=ORIENTED_EDGE('',*,*,#2055,.T.);
#1789=ORIENTED_EDGE('',*,*,#2106,.T.);
#1790=ORIENTED_EDGE('',*,*,#2060,.F.);
#1791=ORIENTED_EDGE('',*,*,#2053,.F.);
#1792=ORIENTED_EDGE('',*,*,#1986,.T.);
#1793=ORIENTED_EDGE('',*,*,#2067,.F.);
#1794=ORIENTED_EDGE('',*,*,#2066,.F.);
#1795=ORIENTED_EDGE('',*,*,#1989,.T.);
#1796=ORIENTED_EDGE('',*,*,#2073,.T.);
#1797=ORIENTED_EDGE('',*,*,#2072,.F.);
#1798=ORIENTED_EDGE('',*,*,#2069,.F.);
#1799=ORIENTED_EDGE('',*,*,#2107,.T.);
#1800=ORIENTED_EDGE('',*,*,#2001,.T.);
#1801=ORIENTED_EDGE('',*,*,#2108,.F.);
#1802=ORIENTED_EDGE('',*,*,#2109,.T.);
#1803=ORIENTED_EDGE('',*,*,#2107,.F.);
#1804=ORIENTED_EDGE('',*,*,#2110,.F.);
#1805=ORIENTED_EDGE('',*,*,#2111,.T.);
#1806=ORIENTED_EDGE('',*,*,#2002,.F.);
#1807=ORIENTED_EDGE('',*,*,#2112,.T.);
#1808=ORIENTED_EDGE('',*,*,#2003,.T.);
#1809=ORIENTED_EDGE('',*,*,#2111,.F.);
#1810=ORIENTED_EDGE('',*,*,#2113,.T.);
#1811=ORIENTED_EDGE('',*,*,#2114,.T.);
#1812=ORIENTED_EDGE('',*,*,#2004,.F.);
#1813=ORIENTED_EDGE('',*,*,#2112,.F.);
#1814=ORIENTED_EDGE('',*,*,#2115,.F.);
#1815=ORIENTED_EDGE('',*,*,#2116,.F.);
#1816=ORIENTED_EDGE('',*,*,#2117,.F.);
#1817=ORIENTED_EDGE('',*,*,#2118,.T.);
#1818=ORIENTED_EDGE('',*,*,#2119,.F.);
#1819=ORIENTED_EDGE('',*,*,#2120,.T.);
#1820=ORIENTED_EDGE('',*,*,#2005,.T.);
#1821=ORIENTED_EDGE('',*,*,#2114,.F.);
#1822=ORIENTED_EDGE('',*,*,#2121,.T.);
#1823=ORIENTED_EDGE('',*,*,#2122,.T.);
#1824=ORIENTED_EDGE('',*,*,#2006,.F.);
#1825=ORIENTED_EDGE('',*,*,#2120,.F.);
#1826=ORIENTED_EDGE('',*,*,#2123,.F.);
#1827=ORIENTED_EDGE('',*,*,#2124,.T.);
#1828=ORIENTED_EDGE('',*,*,#2007,.T.);
#1829=ORIENTED_EDGE('',*,*,#2122,.F.);
#1830=ORIENTED_EDGE('',*,*,#2125,.T.);
#1831=ORIENTED_EDGE('',*,*,#2108,.T.);
#1832=ORIENTED_EDGE('',*,*,#2008,.F.);
#1833=ORIENTED_EDGE('',*,*,#2124,.F.);
#1834=ORIENTED_EDGE('',*,*,#2126,.F.);
#1835=ORIENTED_EDGE('',*,*,#2127,.F.);
#1836=ORIENTED_EDGE('',*,*,#2128,.F.);
#1837=ORIENTED_EDGE('',*,*,#2129,.T.);
#1838=ORIENTED_EDGE('',*,*,#2130,.F.);
#1839=ORIENTED_EDGE('',*,*,#2131,.F.);
#1840=ORIENTED_EDGE('',*,*,#2132,.F.);
#1841=ORIENTED_EDGE('',*,*,#2133,.F.);
#1842=ORIENTED_EDGE('',*,*,#2134,.F.);
#1843=ORIENTED_EDGE('',*,*,#2103,.T.);
#1844=ORIENTED_EDGE('',*,*,#2098,.T.);
#1845=ORIENTED_EDGE('',*,*,#2135,.F.);
#1846=ORIENTED_EDGE('',*,*,#2089,.T.);
#1847=ORIENTED_EDGE('',*,*,#2136,.T.);
#1848=ORIENTED_EDGE('',*,*,#2090,.T.);
#1849=ORIENTED_EDGE('',*,*,#2135,.T.);
#1850=ORIENTED_EDGE('',*,*,#2097,.T.);
#1851=ORIENTED_EDGE('',*,*,#2093,.T.);
#1852=ORIENTED_EDGE('',*,*,#2091,.T.);
#1853=ORIENTED_EDGE('',*,*,#2136,.F.);
#1854=ORIENTED_EDGE('',*,*,#2096,.T.);
#1855=ORIENTED_EDGE('',*,*,#2109,.F.);
#1856=ORIENTED_EDGE('',*,*,#2130,.T.);
#1857=ORIENTED_EDGE('',*,*,#2137,.F.);
#1858=ORIENTED_EDGE('',*,*,#2115,.T.);
#1859=ORIENTED_EDGE('',*,*,#2113,.F.);
#1860=ORIENTED_EDGE('',*,*,#2110,.T.);
#1861=ORIENTED_EDGE('',*,*,#2137,.T.);
#1862=ORIENTED_EDGE('',*,*,#2129,.F.);
#1863=ORIENTED_EDGE('',*,*,#2138,.F.);
#1864=ORIENTED_EDGE('',*,*,#2116,.T.);
#1865=ORIENTED_EDGE('',*,*,#2138,.T.);
#1866=ORIENTED_EDGE('',*,*,#2128,.T.);
#1867=ORIENTED_EDGE('',*,*,#2139,.T.);
#1868=ORIENTED_EDGE('',*,*,#2117,.T.);
#1869=ORIENTED_EDGE('',*,*,#2140,.T.);
#1870=ORIENTED_EDGE('',*,*,#2118,.F.);
#1871=ORIENTED_EDGE('',*,*,#2139,.F.);
#1872=ORIENTED_EDGE('',*,*,#2127,.T.);
#1873=ORIENTED_EDGE('',*,*,#2125,.F.);
#1874=ORIENTED_EDGE('',*,*,#2123,.T.);
#1875=ORIENTED_EDGE('',*,*,#2121,.F.);
#1876=ORIENTED_EDGE('',*,*,#2119,.T.);
#1877=ORIENTED_EDGE('',*,*,#2140,.F.);
#1878=ORIENTED_EDGE('',*,*,#2126,.T.);
#1879=ORIENTED_EDGE('',*,*,#2131,.T.);
#1880=ORIENTED_EDGE('',*,*,#2133,.T.);
#1881=ORIENTED_EDGE('',*,*,#1930,.T.);
#1882=ORIENTED_EDGE('',*,*,#2063,.T.);
#1883=ORIENTED_EDGE('',*,*,#2019,.F.);
#1884=ORIENTED_EDGE('',*,*,#1991,.T.);
#1885=ORIENTED_EDGE('',*,*,#2017,.T.);
#1886=ORIENTED_EDGE('',*,*,#2064,.T.);
#1887=ORIENTED_EDGE('',*,*,#1955,.F.);
#1888=ORIENTED_EDGE('',*,*,#1995,.T.);
#1889=ORIENTED_EDGE('',*,*,#2018,.T.);
#1890=ORIENTED_EDGE('',*,*,#2062,.T.);
#1891=ORIENTED_EDGE('',*,*,#2015,.F.);
#1892=ORIENTED_EDGE('',*,*,#1993,.T.);
#1893=ORIENTED_EDGE('',*,*,#1913,.F.);
#1894=ORIENTED_EDGE('',*,*,#1965,.T.);
#1895=ORIENTED_EDGE('',*,*,#2014,.T.);
#1896=ORIENTED_EDGE('',*,*,#2034,.T.);
#1897=ORIENTED_EDGE('',*,*,#2010,.F.);
#1898=ORIENTED_EDGE('',*,*,#1999,.T.);
#1899=ORIENTED_EDGE('',*,*,#1947,.T.);
#1900=ORIENTED_EDGE('',*,*,#2033,.T.);
#1901=ORIENTED_EDGE('',*,*,#2012,.F.);
#1902=ORIENTED_EDGE('',*,*,#1963,.T.);
#1903=ORIENTED_EDGE('',*,*,#2009,.T.);
#1904=ORIENTED_EDGE('',*,*,#2032,.T.);
#1905=ORIENTED_EDGE('',*,*,#1960,.T.);
#1906=ORIENTED_EDGE('',*,*,#2044,.F.);
#1907=ORIENTED_EDGE('',*,*,#1962,.T.);
#1908=ORIENTED_EDGE('',*,*,#2039,.F.);
#1909=ORIENTED_EDGE('',*,*,#2132,.T.);
#1910=ORIENTED_EDGE('',*,*,#2045,.F.);
#1911=ORIENTED_EDGE('',*,*,#2134,.T.);
#1912=ORIENTED_EDGE('',*,*,#2038,.F.);
#1913=EDGE_CURVE('',#2141,#2142,#2143,.T.);
#1914=EDGE_CURVE('',#2144,#2142,#2145,.T.);
#1915=EDGE_CURVE('',#2146,#2144,#2147,.T.);
#1916=EDGE_CURVE('',#2146,#2148,#2149,.T.);
#1917=EDGE_CURVE('',#2148,#2150,#2151,.T.);
#1918=EDGE_CURVE('',#2150,#2152,#2153,.T.);
#1919=EDGE_CURVE('',#2154,#2152,#2155,.T.);
#1920=EDGE_CURVE('',#2156,#2154,#2157,.T.);
#1921=EDGE_CURVE('',#2156,#2158,#2159,.T.);
#1922=EDGE_CURVE('',#2160,#2158,#2161,.F.);
#1923=EDGE_CURVE('',#2162,#2160,#2163,.T.);
#1924=EDGE_CURVE('',#2164,#2162,#2165,.F.);
#1925=EDGE_CURVE('',#2166,#2164,#2167,.T.);
#1926=EDGE_CURVE('',#2141,#2166,#2168,.T.);
#1927=EDGE_CURVE('',#2169,#2170,#2171,.T.);
#1928=EDGE_CURVE('',#2169,#2146,#2172,.F.);
#1929=EDGE_CURVE('',#2170,#2144,#2173,.T.);
#1930=EDGE_CURVE('',#2174,#2175,#2176,.T.);
#1931=EDGE_CURVE('',#2177,#2174,#2178,.T.);
#1932=EDGE_CURVE('',#2177,#2179,#2180,.T.);
#1933=EDGE_CURVE('',#2181,#2179,#2182,.F.);
#1934=EDGE_CURVE('',#2183,#2181,#2184,.T.);
#1935=EDGE_CURVE('',#2185,#2183,#2186,.F.);
#1936=EDGE_CURVE('',#2187,#2185,#2188,.T.);
#1937=EDGE_CURVE('',#2189,#2187,#2190,.T.);
#1938=EDGE_CURVE('',#2189,#2191,#2192,.T.);
#1939=EDGE_CURVE('',#2193,#2191,#2194,.T.);
#1940=EDGE_CURVE('',#2195,#2193,#2196,.T.);
#1941=EDGE_CURVE('',#2195,#2197,#2198,.T.);
#1942=EDGE_CURVE('',#2197,#2199,#2200,.T.);
#1943=EDGE_CURVE('',#2199,#2175,#2201,.T.);
#1944=EDGE_CURVE('',#2197,#2202,#2203,.F.);
#1945=EDGE_CURVE('',#2202,#2204,#2205,.T.);
#1946=EDGE_CURVE('',#2204,#2199,#2206,.T.);
#1947=EDGE_CURVE('',#2207,#2208,#2209,.T.);
#1948=EDGE_CURVE('',#2210,#2207,#2211,.T.);
#1949=EDGE_CURVE('',#2210,#2212,#2213,.T.);
#1950=EDGE_CURVE('',#2214,#2212,#2215,.F.);
#1951=EDGE_CURVE('',#2216,#2214,#2217,.T.);
#1952=EDGE_CURVE('',#2218,#2216,#2219,.F.);
#1953=EDGE_CURVE('',#2220,#2218,#2221,.T.);
#1954=EDGE_CURVE('',#2222,#2220,#2223,.T.);
#1955=EDGE_CURVE('',#2222,#2224,#2225,.T.);
#1956=EDGE_CURVE('',#2224,#2204,#2226,.T.);
#1957=EDGE_CURVE('',#2202,#2169,#2227,.T.);
#1958=EDGE_CURVE('',#2208,#2170,#2228,.T.);
#1959=EDGE_CURVE('',#2229,#2229,#2230,.F.);
#1960=EDGE_CURVE('',#2231,#2231,#2232,.T.);
#1961=EDGE_CURVE('',#2233,#2233,#2234,.F.);
#1962=EDGE_CURVE('',#2235,#2235,#2236,.T.);
#1963=EDGE_CURVE('',#2237,#2238,#2239,.F.);
#1964=EDGE_CURVE('',#2240,#2237,#2241,.T.);
#1965=EDGE_CURVE('',#2141,#2240,#2242,.F.);
#1966=EDGE_CURVE('',#2243,#2166,#2244,.T.);
#1967=EDGE_CURVE('',#2245,#2243,#2246,.T.);
#1968=EDGE_CURVE('',#2156,#2245,#2247,.T.);
#1969=EDGE_CURVE('',#2248,#2154,#2249,.F.);
#1970=EDGE_CURVE('',#2250,#2248,#2251,.F.);
#1971=EDGE_CURVE('',#2252,#2250,#2253,.F.);
#1972=EDGE_CURVE('',#2254,#2252,#2255,.F.);
#1973=EDGE_CURVE('',#2256,#2254,#2257,.F.);
#1974=EDGE_CURVE('',#2256,#2258,#2259,.T.);
#1975=EDGE_CURVE('',#2260,#2258,#2261,.T.);
#1976=EDGE_CURVE('',#2262,#2260,#2263,.T.);
#1977=EDGE_CURVE('',#2264,#2262,#2265,.F.);
#1978=EDGE_CURVE('',#2264,#2266,#2267,.F.);
#1979=EDGE_CURVE('',#2268,#2266,#2269,.F.);
#1980=EDGE_CURVE('',#2270,#2268,#2271,.T.);
#1981=EDGE_CURVE('',#2272,#2270,#2273,.T.);
#1982=EDGE_CURVE('',#2272,#2274,#2275,.T.);
#1983=EDGE_CURVE('',#2276,#2274,#2277,.F.);
#1984=EDGE_CURVE('',#2278,#2276,#2279,.T.);
#1985=EDGE_CURVE('',#2280,#2278,#2281,.F.);
#1986=EDGE_CURVE('',#2282,#2280,#2283,.T.);
#1987=EDGE_CURVE('',#2189,#2282,#2284,.F.);
#1988=EDGE_CURVE('',#2285,#2187,#2286,.T.);
#1989=EDGE_CURVE('',#2287,#2285,#2288,.T.);
#1990=EDGE_CURVE('',#2177,#2287,#2289,.T.);
#1991=EDGE_CURVE('',#2290,#2174,#2291,.F.);
#1992=EDGE_CURVE('',#2292,#2290,#2293,.F.);
#1993=EDGE_CURVE('',#2294,#2292,#2295,.F.);
#1994=EDGE_CURVE('',#2296,#2294,#2297,.F.);
#1995=EDGE_CURVE('',#2222,#2296,#2298,.F.);
#1996=EDGE_CURVE('',#2299,#2220,#2300,.T.);
#1997=EDGE_CURVE('',#2301,#2299,#2302,.T.);
#1998=EDGE_CURVE('',#2210,#2301,#2303,.T.);
#1999=EDGE_CURVE('',#2304,#2207,#2305,.F.);
#2000=EDGE_CURVE('',#2238,#2304,#2306,.T.);
#2001=EDGE_CURVE('',#2307,#2308,#2309,.F.);
#2002=EDGE_CURVE('',#2307,#2310,#2311,.F.);
#2003=EDGE_CURVE('',#2312,#2310,#2313,.F.);
#2004=EDGE_CURVE('',#2312,#2314,#2315,.F.);
#2005=EDGE_CURVE('',#2316,#2314,#2317,.F.);
#2006=EDGE_CURVE('',#2316,#2318,#2319,.F.);
#2007=EDGE_CURVE('',#2320,#2318,#2321,.F.);
#2008=EDGE_CURVE('',#2320,#2308,#2322,.F.);
#2009=EDGE_CURVE('',#2238,#2323,#2324,.T.);
#2010=EDGE_CURVE('',#2304,#2325,#2326,.T.);
#2011=EDGE_CURVE('',#2323,#2325,#2327,.T.);
#2012=EDGE_CURVE('',#2237,#2328,#2329,.T.);
#2013=EDGE_CURVE('',#2330,#2328,#2331,.T.);
#2014=EDGE_CURVE('',#2240,#2330,#2332,.T.);
#2015=EDGE_CURVE('',#2294,#2333,#2334,.T.);
#2016=EDGE_CURVE('',#2333,#2335,#2336,.T.);
#2017=EDGE_CURVE('',#2296,#2335,#2337,.T.);
#2018=EDGE_CURVE('',#2292,#2338,#2339,.T.);
#2019=EDGE_CURVE('',#2290,#2340,#2341,.T.);
#2020=EDGE_CURVE('',#2340,#2338,#2342,.T.);
#2021=EDGE_CURVE('',#2152,#2343,#2344,.F.);
#2022=EDGE_CURVE('',#2248,#2343,#2345,.T.);
#2023=EDGE_CURVE('',#2158,#2346,#2347,.T.);
#2024=EDGE_CURVE('',#2245,#2346,#2348,.T.);
#2025=EDGE_CURVE('',#2346,#2349,#2350,.F.);
#2026=EDGE_CURVE('',#2160,#2349,#2351,.T.);
#2027=EDGE_CURVE('',#2352,#2162,#2353,.T.);
#2028=EDGE_CURVE('',#2349,#2352,#2354,.T.);
#2029=EDGE_CURVE('',#2355,#2164,#2356,.T.);
#2030=EDGE_CURVE('',#2352,#2355,#2357,.F.);
#2031=EDGE_CURVE('',#2243,#2355,#2358,.T.);
#2032=EDGE_CURVE('',#2323,#2328,#2359,.F.);
#2033=EDGE_CURVE('',#2208,#2325,#2360,.F.);
#2034=EDGE_CURVE('',#2330,#2142,#2361,.F.);
#2035=EDGE_CURVE('',#2148,#2362,#2363,.F.);
#2036=EDGE_CURVE('',#2364,#2195,#2365,.F.);
#2037=EDGE_CURVE('',#2362,#2364,#2366,.T.);
#2038=EDGE_CURVE('',#2367,#2367,#2368,.T.);
#2039=EDGE_CURVE('',#2369,#2369,#2370,.T.);
#2040=EDGE_CURVE('',#2371,#2372,#2373,.F.);
#2041=EDGE_CURVE('',#2371,#2374,#2375,.T.);
#2042=EDGE_CURVE('',#2376,#2374,#2377,.F.);
#2043=EDGE_CURVE('',#2376,#2372,#2378,.T.);
#2044=EDGE_CURVE('',#2379,#2379,#2380,.T.);
#2045=EDGE_CURVE('',#2381,#2381,#2382,.T.);
#2046=EDGE_CURVE('',#2362,#2383,#2384,.T.);
#2047=EDGE_CURVE('',#2383,#2150,#2385,.T.);
#2048=EDGE_CURVE('',#2386,#2387,#2388,.F.);
#2049=EDGE_CURVE('',#2343,#2386,#2389,.T.);
#2050=EDGE_CURVE('',#2390,#2383,#2391,.T.);
#2051=EDGE_CURVE('',#2392,#2390,#2393,.F.);
#2052=EDGE_CURVE('',#2387,#2392,#2394,.T.);
#2053=EDGE_CURVE('',#2282,#2395,#2396,.T.);
#2054=EDGE_CURVE('',#2395,#2191,#2397,.F.);
#2055=EDGE_CURVE('',#2398,#2399,#2400,.F.);
#2056=EDGE_CURVE('',#2398,#2401,#2402,.T.);
#2057=EDGE_CURVE('',#2403,#2401,#2404,.F.);
#2058=EDGE_CURVE('',#2403,#2405,#2406,.T.);
#2059=EDGE_CURVE('',#2405,#2193,#2407,.T.);
#2060=EDGE_CURVE('',#2395,#2399,#2408,.T.);
#2061=EDGE_CURVE('',#2364,#2405,#2409,.T.);
#2062=EDGE_CURVE('',#2338,#2333,#2410,.F.);
#2063=EDGE_CURVE('',#2175,#2340,#2411,.F.);
#2064=EDGE_CURVE('',#2335,#2224,#2412,.F.);
#2065=EDGE_CURVE('',#2179,#2413,#2414,.T.);
#2066=EDGE_CURVE('',#2287,#2413,#2415,.T.);
#2067=EDGE_CURVE('',#2413,#2416,#2417,.F.);
#2068=EDGE_CURVE('',#2181,#2416,#2418,.T.);
#2069=EDGE_CURVE('',#2416,#2419,#2420,.T.);
#2070=EDGE_CURVE('',#2419,#2183,#2421,.T.);
#2071=EDGE_CURVE('',#2422,#2185,#2423,.T.);
#2072=EDGE_CURVE('',#2419,#2422,#2424,.F.);
#2073=EDGE_CURVE('',#2285,#2422,#2425,.T.);
#2074=EDGE_CURVE('',#2212,#2426,#2427,.T.);
#2075=EDGE_CURVE('',#2426,#2428,#2429,.F.);
#2076=EDGE_CURVE('',#2214,#2428,#2430,.T.);
#2077=EDGE_CURVE('',#2428,#2431,#2432,.T.);
#2078=EDGE_CURVE('',#2431,#2216,#2433,.T.);
#2079=EDGE_CURVE('',#2434,#2218,#2435,.T.);
#2080=EDGE_CURVE('',#2431,#2434,#2436,.F.);
#2081=EDGE_CURVE('',#2299,#2434,#2437,.T.);
#2082=EDGE_CURVE('',#2301,#2426,#2438,.T.);
#2083=EDGE_CURVE('',#2250,#2386,#2439,.T.);
#2084=EDGE_CURVE('',#2252,#2387,#2440,.T.);
#2085=EDGE_CURVE('',#2254,#2392,#2441,.T.);
#2086=EDGE_CURVE('',#2256,#2390,#2442,.T.);
#2087=EDGE_CURVE('',#2274,#2403,#2443,.T.);
#2088=EDGE_CURVE('',#2272,#2444,#2445,.T.);
#2089=EDGE_CURVE('',#2446,#2444,#2447,.F.);
#2090=EDGE_CURVE('',#2448,#2446,#2449,.T.);
#2091=EDGE_CURVE('',#2450,#2448,#2451,.F.);
#2092=EDGE_CURVE('',#2258,#2450,#2452,.T.);
#2093=EDGE_CURVE('',#2453,#2450,#2454,.T.);
#2094=EDGE_CURVE('',#2260,#2453,#2455,.T.);
#2095=EDGE_CURVE('',#2371,#2262,#2456,.T.);
#2096=EDGE_CURVE('',#2457,#2453,#2458,.F.);
#2097=EDGE_CURVE('',#2459,#2457,#2460,.T.);
#2098=EDGE_CURVE('',#2461,#2459,#2462,.F.);
#2099=EDGE_CURVE('',#2270,#2461,#2463,.T.);
#2100=EDGE_CURVE('',#2374,#2268,#2464,.T.);
#2101=EDGE_CURVE('',#2372,#2264,#2465,.T.);
#2102=EDGE_CURVE('',#2376,#2266,#2466,.T.);
#2103=EDGE_CURVE('',#2444,#2461,#2467,.T.);
#2104=EDGE_CURVE('',#2276,#2401,#2468,.T.);
#2105=EDGE_CURVE('',#2278,#2398,#2469,.T.);
#2106=EDGE_CURVE('',#2280,#2399,#2470,.T.);
#2107=EDGE_CURVE('',#2471,#2307,#2472,.T.);
#2108=EDGE_CURVE('',#2473,#2308,#2474,.T.);
#2109=EDGE_CURVE('',#2473,#2471,#2475,.F.);
#2110=EDGE_CURVE('',#2476,#2471,#2477,.T.);
#2111=EDGE_CURVE('',#2476,#2310,#2478,.T.);
#2112=EDGE_CURVE('',#2479,#2312,#2480,.T.);
#2113=EDGE_CURVE('',#2476,#2479,#2481,.F.);
#2114=EDGE_CURVE('',#2482,#2314,#2483,.T.);
#2115=EDGE_CURVE('',#2484,#2479,#2485,.T.);
#2116=EDGE_CURVE('',#2486,#2484,#2487,.T.);
#2117=EDGE_CURVE('',#2488,#2486,#2489,.T.);
#2118=EDGE_CURVE('',#2488,#2490,#2491,.T.);
#2119=EDGE_CURVE('',#2482,#2490,#2492,.T.);
#2120=EDGE_CURVE('',#2493,#2316,#2494,.T.);
#2121=EDGE_CURVE('',#2482,#2493,#2495,.F.);
#2122=EDGE_CURVE('',#2496,#2318,#2497,.T.);
#2123=EDGE_CURVE('',#2496,#2493,#2498,.T.);
#2124=EDGE_CURVE('',#2499,#2320,#2500,.T.);
#2125=EDGE_CURVE('',#2496,#2499,#2501,.F.);
#2126=EDGE_CURVE('',#2502,#2499,#2503,.T.);
#2127=EDGE_CURVE('',#2504,#2502,#2505,.T.);
#2128=EDGE_CURVE('',#2506,#2504,#2507,.T.);
#2129=EDGE_CURVE('',#2506,#2508,#2509,.T.);
#2130=EDGE_CURVE('',#2473,#2508,#2510,.T.);
#2131=EDGE_CURVE('',#2511,#2511,#2512,.F.);
#2132=EDGE_CURVE('',#2513,#2513,#2514,.T.);
#2133=EDGE_CURVE('',#2515,#2515,#2516,.F.);
#2134=EDGE_CURVE('',#2517,#2517,#2518,.T.);
#2135=EDGE_CURVE('',#2446,#2459,#2519,.T.);
#2136=EDGE_CURVE('',#2457,#2448,#2520,.T.);
#2137=EDGE_CURVE('',#2484,#2508,#2521,.F.);
#2138=EDGE_CURVE('',#2486,#2506,#2522,.T.);
#2139=EDGE_CURVE('',#2504,#2488,#2523,.T.);
#2140=EDGE_CURVE('',#2502,#2490,#2524,.F.);
#2141=VERTEX_POINT('',#2525);
#2142=VERTEX_POINT('',#2526);
#2143=LINE('',#2527,#2528);
#2144=VERTEX_POINT('',#2530);
#2145=LINE('',#2531,#2532);
#2146=VERTEX_POINT('',#2534);
#2147=LINE('',#2535,#2536);
#2148=VERTEX_POINT('',#2538);
#2149=LINE('',#2539,#2540);
#2150=VERTEX_POINT('',#2542);
#2151=LINE('',#2543,#2544);
#2152=VERTEX_POINT('',#2546);
#2153=LINE('',#2547,#2548);
#2154=VERTEX_POINT('',#2550);
#2155=LINE('',#2551,#2552);
#2156=VERTEX_POINT('',#2554);
#2157=LINE('',#2555,#2556);
#2158=VERTEX_POINT('',#2558);
#2159=LINE('',#2559,#2560);
#2160=VERTEX_POINT('',#2562);
#2161=CIRCLE('',#2563,2.);
#2162=VERTEX_POINT('',#2567);
#2163=LINE('',#2568,#2569);
#2164=VERTEX_POINT('',#2571);
#2165=CIRCLE('',#2572,2.);
#2166=VERTEX_POINT('',#2576);
#2167=LINE('',#2577,#2578);
#2168=LINE('',#2580,#2581);
#2169=VERTEX_POINT('',#2583);
#2170=VERTEX_POINT('',#2584);
#2171=LINE('',#2585,#2586);
#2172=CIRCLE('',#2588,3.34999999999999);
#2173=CIRCLE('',#2592,3.35);
#2174=VERTEX_POINT('',#2596);
#2175=VERTEX_POINT('',#2597);
#2176=LINE('',#2598,#2599);
#2177=VERTEX_POINT('',#2601);
#2178=LINE('',#2602,#2603);
#2179=VERTEX_POINT('',#2605);
#2180=LINE('',#2606,#2607);
#2181=VERTEX_POINT('',#2609);
#2182=CIRCLE('',#2610,2.);
#2183=VERTEX_POINT('',#2614);
#2184=LINE('',#2615,#2616);
#2185=VERTEX_POINT('',#2618);
#2186=CIRCLE('',#2619,2.);
#2187=VERTEX_POINT('',#2623);
#2188=LINE('',#2624,#2625);
#2189=VERTEX_POINT('',#2627);
#2190=LINE('',#2628,#2629);
#2191=VERTEX_POINT('',#2631);
#2192=LINE('',#2632,#2633);
#2193=VERTEX_POINT('',#2635);
#2194=LINE('',#2636,#2637);
#2195=VERTEX_POINT('',#2639);
#2196=LINE('',#2640,#2641);
#2197=VERTEX_POINT('',#2643);
#2198=LINE('',#2644,#2645);
#2199=VERTEX_POINT('',#2647);
#2200=LINE('',#2648,#2649);
#2201=LINE('',#2651,#2652);
#2202=VERTEX_POINT('',#2654);
#2203=CIRCLE('',#2655,3.35000000000001);
#2204=VERTEX_POINT('',#2659);
#2205=LINE('',#2660,#2661);
#2206=CIRCLE('',#2663,3.35);
#2207=VERTEX_POINT('',#2667);
#2208=VERTEX_POINT('',#2668);
#2209=LINE('',#2669,#2670);
#2210=VERTEX_POINT('',#2672);
#2211=LINE('',#2673,#2674);
#2212=VERTEX_POINT('',#2676);
#2213=LINE('',#2677,#2678);
#2214=VERTEX_POINT('',#2680);
#2215=CIRCLE('',#2681,2.);
#2216=VERTEX_POINT('',#2685);
#2217=LINE('',#2686,#2687);
#2218=VERTEX_POINT('',#2689);
#2219=CIRCLE('',#2690,2.);
#2220=VERTEX_POINT('',#2694);
#2221=LINE('',#2695,#2696);
#2222=VERTEX_POINT('',#2698);
#2223=LINE('',#2699,#2700);
#2224=VERTEX_POINT('',#2702);
#2225=LINE('',#2703,#2704);
#2226=LINE('',#2706,#2707);
#2227=LINE('',#2709,#2710);
#2228=LINE('',#2712,#2713);
#2229=VERTEX_POINT('',#2715);
#2230=CIRCLE('',#2716,2.55);
#2231=VERTEX_POINT('',#2720);
#2232=CIRCLE('',#2721,2.55);
#2233=VERTEX_POINT('',#2725);
#2234=CIRCLE('',#2726,2.55);
#2235=VERTEX_POINT('',#2730);
#2236=CIRCLE('',#2731,2.55);
#2237=VERTEX_POINT('',#2735);
#2238=VERTEX_POINT('',#2736);
#2239=CIRCLE('',#2737,0.999999999999996);
#2240=VERTEX_POINT('',#2741);
#2241=LINE('',#2742,#2743);
#2242=CIRCLE('',#2745,0.999999999999993);
#2243=VERTEX_POINT('',#2749);
#2244=LINE('',#2750,#2751);
#2245=VERTEX_POINT('',#2753);
#2246=LINE('',#2754,#2755);
#2247=LINE('',#2757,#2758);
#2248=VERTEX_POINT('',#2760);
#2249=CIRCLE('',#2761,1.);
#2250=VERTEX_POINT('',#2765);
#2251=LINE('',#2766,#2767);
#2252=VERTEX_POINT('',#2769);
#2253=CIRCLE('',#2770,1.);
#2254=VERTEX_POINT('',#2774);
#2255=LINE('',#2775,#2776);
#2256=VERTEX_POINT('',#2778);
#2257=CIRCLE('',#2779,1.);
#2258=VERTEX_POINT('',#2783);
#2259=LINE('',#2784,#2785);
#2260=VERTEX_POINT('',#2787);
#2261=LINE('',#2788,#2789);
#2262=VERTEX_POINT('',#2791);
#2263=LINE('',#2792,#2793);
#2264=VERTEX_POINT('',#2795);
#2265=CIRCLE('',#2796,1.60000000000001);
#2266=VERTEX_POINT('',#2800);
#2267=LINE('',#2801,#2802);
#2268=VERTEX_POINT('',#2804);
#2269=CIRCLE('',#2805,1.6);
#2270=VERTEX_POINT('',#2809);
#2271=LINE('',#2810,#2811);
#2272=VERTEX_POINT('',#2813);
#2273=LINE('',#2814,#2815);
#2274=VERTEX_POINT('',#2817);
#2275=LINE('',#2818,#2819);
#2276=VERTEX_POINT('',#2821);
#2277=CIRCLE('',#2822,0.999999999999993);
#2278=VERTEX_POINT('',#2826);
#2279=LINE('',#2827,#2828);
#2280=VERTEX_POINT('',#2830);
#2281=CIRCLE('',#2831,0.999999999999996);
#2282=VERTEX_POINT('',#2835);
#2283=LINE('',#2836,#2837);
#2284=CIRCLE('',#2839,0.999999999999993);
#2285=VERTEX_POINT('',#2843);
#2286=LINE('',#2844,#2845);
#2287=VERTEX_POINT('',#2847);
#2288=LINE('',#2848,#2849);
#2289=LINE('',#2851,#2852);
#2290=VERTEX_POINT('',#2854);
#2291=CIRCLE('',#2855,1.);
#2292=VERTEX_POINT('',#2859);
#2293=LINE('',#2860,#2861);
#2294=VERTEX_POINT('',#2863);
#2295=CIRCLE('',#2864,1.);
#2296=VERTEX_POINT('',#2868);
#2297=LINE('',#2869,#2870);
#2298=CIRCLE('',#2872,1.);
#2299=VERTEX_POINT('',#2876);
#2300=LINE('',#2877,#2878);
#2301=VERTEX_POINT('',#2880);
#2302=LINE('',#2881,#2882);
#2303=LINE('',#2884,#2885);
#2304=VERTEX_POINT('',#2887);
#2305=CIRCLE('',#2888,0.999999999999993);
#2306=LINE('',#2892,#2893);
#2307=VERTEX_POINT('',#2895);
#2308=VERTEX_POINT('',#2896);
#2309=CIRCLE('',#2897,0.999999999999993);
#2310=VERTEX_POINT('',#2901);
#2311=LINE('',#2902,#2903);
#2312=VERTEX_POINT('',#2905);
#2313=CIRCLE('',#2906,1.00000000000001);
#2314=VERTEX_POINT('',#2910);
#2315=LINE('',#2911,#2912);
#2316=VERTEX_POINT('',#2914);
#2317=CIRCLE('',#2915,0.999999999999986);
#2318=VERTEX_POINT('',#2919);
#2319=LINE('',#2920,#2921);
#2320=VERTEX_POINT('',#2923);
#2321=CIRCLE('',#2924,1.00000000000001);
#2322=LINE('',#2928,#2929);
#2323=VERTEX_POINT('',#2931);
#2324=LINE('',#2932,#2933);
#2325=VERTEX_POINT('',#2935);
#2326=LINE('',#2936,#2937);
#2327=LINE('',#2939,#2940);
#2328=VERTEX_POINT('',#2942);
#2329=LINE('',#2943,#2944);
#2330=VERTEX_POINT('',#2946);
#2331=LINE('',#2947,#2948);
#2332=LINE('',#2950,#2951);
#2333=VERTEX_POINT('',#2953);
#2334=LINE('',#2954,#2955);
#2335=VERTEX_POINT('',#2957);
#2336=LINE('',#2958,#2959);
#2337=LINE('',#2961,#2962);
#2338=VERTEX_POINT('',#2964);
#2339=LINE('',#2965,#2966);
#2340=VERTEX_POINT('',#2968);
#2341=LINE('',#2969,#2970);
#2342=LINE('',#2972,#2973);
#2343=VERTEX_POINT('',#2975);
#2344=CIRCLE('',#2976,1.);
#2345=LINE('',#2980,#2981);
#2346=VERTEX_POINT('',#2983);
#2347=LINE('',#2984,#2985);
#2348=LINE('',#2987,#2988);
#2349=VERTEX_POINT('',#2990);
#2350=CIRCLE('',#2991,2.);
#2351=LINE('',#2995,#2996);
#2352=VERTEX_POINT('',#2998);
#2353=LINE('',#2999,#3000);
#2354=LINE('',#3002,#3003);
#2355=VERTEX_POINT('',#3005);
#2356=LINE('',#3006,#3007);
#2357=CIRCLE('',#3009,2.);
#2358=LINE('',#3013,#3014);
#2359=CIRCLE('',#3016,1.);
#2360=CIRCLE('',#3020,1.00000000000001);
#2361=CIRCLE('',#3024,1.);
#2362=VERTEX_POINT('',#3028);
#2363=CIRCLE('',#3029,3.35);
#2364=VERTEX_POINT('',#3033);
#2365=CIRCLE('',#3034,3.34999999999999);
#2366=LINE('',#3038,#3039);
#2367=VERTEX_POINT('',#3041);
#2368=CIRCLE('',#3042,2.95);
#2369=VERTEX_POINT('',#3046);
#2370=CIRCLE('',#3047,2.95);
#2371=VERTEX_POINT('',#3051);
#2372=VERTEX_POINT('',#3052);
#2373=CIRCLE('',#3053,1.6);
#2374=VERTEX_POINT('',#3057);
#2375=LINE('',#3058,#3059);
#2376=VERTEX_POINT('',#3061);
#2377=CIRCLE('',#3062,1.6);
#2378=LINE('',#3066,#3067);
#2379=VERTEX_POINT('',#3069);
#2380=CIRCLE('',#3070,2.95);
#2381=VERTEX_POINT('',#3074);
#2382=CIRCLE('',#3075,2.95);
#2383=VERTEX_POINT('',#3079);
#2384=LINE('',#3080,#3081);
#2385=CIRCLE('',#3083,3.35);
#2386=VERTEX_POINT('',#3087);
#2387=VERTEX_POINT('',#3088);
#2388=CIRCLE('',#3089,1.);
#2389=LINE('',#3093,#3094);
#2390=VERTEX_POINT('',#3096);
#2391=LINE('',#3097,#3098);
#2392=VERTEX_POINT('',#3100);
#2393=CIRCLE('',#3101,1.00000000000001);
#2394=LINE('',#3105,#3106);
#2395=VERTEX_POINT('',#3108);
#2396=LINE('',#3109,#3110);
#2397=CIRCLE('',#3112,1.);
#2398=VERTEX_POINT('',#3116);
#2399=VERTEX_POINT('',#3117);
#2400=CIRCLE('',#3118,1.);
#2401=VERTEX_POINT('',#3122);
#2402=LINE('',#3123,#3124);
#2403=VERTEX_POINT('',#3126);
#2404=CIRCLE('',#3127,1.00000000000001);
#2405=VERTEX_POINT('',#3131);
#2406=LINE('',#3132,#3133);
#2407=CIRCLE('',#3135,3.35);
#2408=LINE('',#3139,#3140);
#2409=LINE('',#3142,#3143);
#2410=CIRCLE('',#3145,1.);
#2411=CIRCLE('',#3149,1.);
#2412=CIRCLE('',#3153,1.00000000000001);
#2413=VERTEX_POINT('',#3157);
#2414=LINE('',#3158,#3159);
#2415=LINE('',#3161,#3162);
#2416=VERTEX_POINT('',#3164);
#2417=CIRCLE('',#3165,2.);
#2418=LINE('',#3169,#3170);
#2419=VERTEX_POINT('',#3172);
#2420=LINE('',#3173,#3174);
#2421=LINE('',#3176,#3177);
#2422=VERTEX_POINT('',#3179);
#2423=LINE('',#3180,#3181);
#2424=CIRCLE('',#3183,2.);
#2425=LINE('',#3187,#3188);
#2426=VERTEX_POINT('',#3190);
#2427=LINE('',#3191,#3192);
#2428=VERTEX_POINT('',#3194);
#2429=CIRCLE('',#3195,2.);
#2430=LINE('',#3199,#3200);
#2431=VERTEX_POINT('',#3202);
#2432=LINE('',#3203,#3204);
#2433=LINE('',#3206,#3207);
#2434=VERTEX_POINT('',#3209);
#2435=LINE('',#3210,#3211);
#2436=CIRCLE('',#3213,2.);
#2437=LINE('',#3217,#3218);
#2438=LINE('',#3220,#3221);
#2439=LINE('',#3223,#3224);
#2440=LINE('',#3226,#3227);
#2441=LINE('',#3229,#3230);
#2442=LINE('',#3232,#3233);
#2443=LINE('',#3235,#3236);
#2444=VERTEX_POINT('',#3238);
#2445=LINE('',#3239,#3240);
#2446=VERTEX_POINT('',#3242);
#2447=CIRCLE('',#3243,2.00000000000001);
#2448=VERTEX_POINT('',#3247);
#2449=LINE('',#3248,#3249);
#2450=VERTEX_POINT('',#3251);
#2451=CIRCLE('',#3252,2.);
#2452=LINE('',#3256,#3257);
#2453=VERTEX_POINT('',#3259);
#2454=LINE('',#3260,#3261);
#2455=LINE('',#3263,#3264);
#2456=LINE('',#3266,#3267);
#2457=VERTEX_POINT('',#3269);
#2458=CIRCLE('',#3270,2.);
#2459=VERTEX_POINT('',#3274);
#2460=LINE('',#3275,#3276);
#2461=VERTEX_POINT('',#3278);
#2462=CIRCLE('',#3279,2.);
#2463=LINE('',#3283,#3284);
#2464=LINE('',#3286,#3287);
#2465=LINE('',#3289,#3290);
#2466=LINE('',#3292,#3293);
#2467=LINE('',#3295,#3296);
#2468=LINE('',#3298,#3299);
#2469=LINE('',#3301,#3302);
#2470=LINE('',#3304,#3305);
#2471=VERTEX_POINT('',#3307);
#2472=LINE('',#3308,#3309);
#2473=VERTEX_POINT('',#3311);
#2474=LINE('',#3312,#3313);
#2475=CIRCLE('',#3315,1.);
#2476=VERTEX_POINT('',#3319);
#2477=LINE('',#3320,#3321);
#2478=LINE('',#3323,#3324);
#2479=VERTEX_POINT('',#3326);
#2480=LINE('',#3327,#3328);
#2481=CIRCLE('',#3330,1.00000000000001);
#2482=VERTEX_POINT('',#3334);
#2483=LINE('',#3335,#3336);
#2484=VERTEX_POINT('',#3338);
#2485=LINE('',#3339,#3340);
#2486=VERTEX_POINT('',#3342);
#2487=LINE('',#3343,#3344);
#2488=VERTEX_POINT('',#3346);
#2489=LINE('',#3347,#3348);
#2490=VERTEX_POINT('',#3350);
#2491=LINE('',#3351,#3352);
#2492=LINE('',#3354,#3355);
#2493=VERTEX_POINT('',#3357);
#2494=LINE('',#3358,#3359);
#2495=CIRCLE('',#3361,1.);
#2496=VERTEX_POINT('',#3365);
#2497=LINE('',#3366,#3367);
#2498=LINE('',#3369,#3370);
#2499=VERTEX_POINT('',#3372);
#2500=LINE('',#3373,#3374);
#2501=CIRCLE('',#3376,0.999999999999993);
#2502=VERTEX_POINT('',#3380);
#2503=LINE('',#3381,#3382);
#2504=VERTEX_POINT('',#3384);
#2505=LINE('',#3385,#3386);
#2506=VERTEX_POINT('',#3388);
#2507=LINE('',#3389,#3390);
#2508=VERTEX_POINT('',#3392);
#2509=LINE('',#3393,#3394);
#2510=LINE('',#3396,#3397);
#2511=VERTEX_POINT('',#3399);
#2512=CIRCLE('',#3400,2.55);
#2513=VERTEX_POINT('',#3404);
#2514=CIRCLE('',#3405,2.55);
#2515=VERTEX_POINT('',#3409);
#2516=CIRCLE('',#3410,2.55);
#2517=VERTEX_POINT('',#3414);
#2518=CIRCLE('',#3415,2.55);
#2519=LINE('',#3419,#3420);
#2520=LINE('',#3422,#3423);
#2521=LINE('',#3425,#3426);
#2522=LINE('',#3428,#3429);
#2523=LINE('',#3431,#3432);
#2524=LINE('',#3434,#3435);
#2525=CARTESIAN_POINT('',(34.,-35.3,2.));
#2526=CARTESIAN_POINT('',(34.,-35.3,2.99999999999999));
#2527=CARTESIAN_POINT('',(34.,-35.3,2.));
#2528=VECTOR('',#2529,1.);
#2529=DIRECTION('',(0.,0.,1.));
#2530=CARTESIAN_POINT('',(34.,-37.65,2.99999999999999));
#2531=CARTESIAN_POINT('',(34.,-37.65,2.99999999999999));
#2532=VECTOR('',#2533,1.);
#2533=DIRECTION('',(0.,1.,1.88974131851091E-16));
#2534=CARTESIAN_POINT('',(34.,-37.65,0.));
#2535=CARTESIAN_POINT('',(34.,-37.65,0.));
#2536=VECTOR('',#2537,1.);
#2537=DIRECTION('',(0.,0.,1.));
#2538=CARTESIAN_POINT('',(34.,37.65,0.));
#2539=CARTESIAN_POINT('',(34.,-37.65,0.));
#2540=VECTOR('',#2541,1.);
#2541=DIRECTION('',(1.88723170188606E-16,1.,0.));
#2542=CARTESIAN_POINT('',(34.,37.65,3.));
#2543=CARTESIAN_POINT('',(34.,37.65,0.));
#2544=VECTOR('',#2545,1.);
#2545=DIRECTION('',(0.,4.73695157173401E-15,1.));
#2546=CARTESIAN_POINT('',(34.,35.3,3.));
#2547=CARTESIAN_POINT('',(34.,37.65,3.));
#2548=VECTOR('',#2549,1.);
#2549=DIRECTION('',(0.,-1.,0.));
#2550=CARTESIAN_POINT('',(34.,35.3,2.));
#2551=CARTESIAN_POINT('',(34.,35.3,2.));
#2552=VECTOR('',#2553,1.);
#2553=DIRECTION('',(0.,0.,1.));
#2554=CARTESIAN_POINT('',(34.,31.,2.));
#2555=CARTESIAN_POINT('',(34.,31.,2.));
#2556=VECTOR('',#2557,1.);
#2557=DIRECTION('',(0.,1.,0.));
#2558=CARTESIAN_POINT('',(34.,31.,5.));
#2559=CARTESIAN_POINT('',(34.,31.,2.));
#2560=VECTOR('',#2561,1.);
#2561=DIRECTION('',(0.,0.,1.));
#2562=CARTESIAN_POINT('',(34.,29.,7.));
#2563=AXIS2_PLACEMENT_3D('',#2564,#2565,#2566);
#2564=CARTESIAN_POINT('',(34.,29.,5.));
#2565=DIRECTION('',(1.,-1.73303106282951E-16,0.));
#2566=DIRECTION('',(1.73303106282951E-16,1.,0.));
#2567=CARTESIAN_POINT('',(34.,-29.,7.));
#2568=CARTESIAN_POINT('',(34.,-29.,7.));
#2569=VECTOR('',#2570,1.);
#2570=DIRECTION('',(0.,1.,0.));
#2571=CARTESIAN_POINT('',(34.,-31.,5.));
#2572=AXIS2_PLACEMENT_3D('',#2573,#2574,#2575);
#2573=CARTESIAN_POINT('',(34.,-29.,5.));
#2574=DIRECTION('',(1.,-1.73303106282951E-16,0.));
#2575=DIRECTION('',(3.07848158135029E-31,1.77635683940025E-15,1.));
#2576=CARTESIAN_POINT('',(34.,-31.,2.));
#2577=CARTESIAN_POINT('',(34.,-31.,2.));
#2578=VECTOR('',#2579,1.);
#2579=DIRECTION('',(0.,0.,1.));
#2580=CARTESIAN_POINT('',(34.,-35.3,2.));
#2581=VECTOR('',#2582,1.);
#2582=DIRECTION('',(-1.65242496688395E-15,1.,0.));
#2583=CARTESIAN_POINT('',(30.65,-41.,0.));
#2584=CARTESIAN_POINT('',(30.65,-41.,2.99999999999999));
#2585=CARTESIAN_POINT('',(30.65,-41.,0.));
#2586=VECTOR('',#2587,1.);
#2587=DIRECTION('',(0.,0.,1.));
#2588=AXIS2_PLACEMENT_3D('',#2589,#2590,#2591);
#2589=CARTESIAN_POINT('',(30.65,-37.65,0.));
#2590=DIRECTION('',(0.,0.,-1.));
#2591=DIRECTION('',(1.,2.1210230918212E-15,0.));
#2592=AXIS2_PLACEMENT_3D('',#2593,#2594,#2595);
#2593=CARTESIAN_POINT('',(30.65,-37.65,2.99999999999999));
#2594=DIRECTION('',(1.22464679914735E-16,-1.22464679914735E-16,1.));
#2595=DIRECTION('',(5.30255772955298E-15,-1.,-1.22464679914736E-16));
#2596=CARTESIAN_POINT('',(-34.,-35.3,2.));
#2597=CARTESIAN_POINT('',(-34.,-35.3,3.));
#2598=CARTESIAN_POINT('',(-34.,-35.3,2.));
#2599=VECTOR('',#2600,1.);
#2600=DIRECTION('',(0.,0.,1.));
#2601=CARTESIAN_POINT('',(-34.,-31.,2.));
#2602=CARTESIAN_POINT('',(-34.,-31.,2.));
#2603=VECTOR('',#2604,1.);
#2604=DIRECTION('',(0.,-1.,0.));
#2605=CARTESIAN_POINT('',(-34.,-31.,5.));
#2606=CARTESIAN_POINT('',(-34.,-31.,2.));
#2607=VECTOR('',#2608,1.);
#2608=DIRECTION('',(0.,0.,1.));
#2609=CARTESIAN_POINT('',(-34.,-29.,7.));
#2610=AXIS2_PLACEMENT_3D('',#2611,#2612,#2613);
#2611=CARTESIAN_POINT('',(-34.,-29.,5.));
#2612=DIRECTION('',(-1.,1.73303106282951E-16,0.));
#2613=DIRECTION('',(-1.73303106282951E-16,-1.,0.));
#2614=CARTESIAN_POINT('',(-34.,29.,7.));
#2615=CARTESIAN_POINT('',(-34.,29.,7.));
#2616=VECTOR('',#2617,1.);
#2617=DIRECTION('',(0.,-1.,0.));
#2618=CARTESIAN_POINT('',(-34.,31.,5.));
#2619=AXIS2_PLACEMENT_3D('',#2620,#2621,#2622);
#2620=CARTESIAN_POINT('',(-34.,29.,5.));
#2621=DIRECTION('',(-1.,1.73303106282951E-16,0.));
#2622=DIRECTION('',(-3.07848158135029E-31,-1.77635683940025E-15,1.));
#2623=CARTESIAN_POINT('',(-34.,31.,2.));
#2624=CARTESIAN_POINT('',(-34.,31.,2.));
#2625=VECTOR('',#2626,1.);
#2626=DIRECTION('',(0.,0.,1.));
#2627=CARTESIAN_POINT('',(-34.,35.3,2.));
#2628=CARTESIAN_POINT('',(-34.,35.3,2.));
#2629=VECTOR('',#2630,1.);
#2630=DIRECTION('',(0.,-1.,0.));
#2631=CARTESIAN_POINT('',(-34.,35.3,3.));
#2632=CARTESIAN_POINT('',(-34.,35.3,2.));
#2633=VECTOR('',#2634,1.);
#2634=DIRECTION('',(0.,0.,1.));
#2635=CARTESIAN_POINT('',(-34.,37.65,3.));
#2636=CARTESIAN_POINT('',(-34.,37.65,3.));
#2637=VECTOR('',#2638,1.);
#2638=DIRECTION('',(0.,-1.,0.));
#2639=CARTESIAN_POINT('',(-34.,37.65,0.));
#2640=CARTESIAN_POINT('',(-34.,37.65,0.));
#2641=VECTOR('',#2642,1.);
#2642=DIRECTION('',(0.,0.,1.));
#2643=CARTESIAN_POINT('',(-34.,-37.65,0.));
#2644=CARTESIAN_POINT('',(-34.,37.65,0.));
#2645=VECTOR('',#2646,1.);
#2646=DIRECTION('',(-1.88723170188606E-16,-1.,0.));
#2647=CARTESIAN_POINT('',(-34.,-37.65,3.));
#2648=CARTESIAN_POINT('',(-34.,-37.65,0.));
#2649=VECTOR('',#2650,1.);
#2650=DIRECTION('',(0.,-4.73695157173401E-15,1.));
#2651=CARTESIAN_POINT('',(-34.,-37.65,3.));
#2652=VECTOR('',#2653,1.);
#2653=DIRECTION('',(0.,1.,0.));
#2654=CARTESIAN_POINT('',(-30.65,-41.,0.));
#2655=AXIS2_PLACEMENT_3D('',#2656,#2657,#2658);
#2656=CARTESIAN_POINT('',(-30.65,-37.65,0.));
#2657=DIRECTION('',(0.,0.,-1.));
#2658=DIRECTION('',(1.06051154591059E-15,-1.,0.));
#2659=CARTESIAN_POINT('',(-30.65,-41.,3.));
#2660=CARTESIAN_POINT('',(-30.65,-41.,0.));
#2661=VECTOR('',#2662,1.);
#2662=DIRECTION('',(-3.55271367880051E-15,0.,1.));
#2663=AXIS2_PLACEMENT_3D('',#2664,#2665,#2666);
#2664=CARTESIAN_POINT('',(-30.65,-37.65,3.));
#2665=DIRECTION('',(0.,1.22464679914735E-16,-1.));
#2666=DIRECTION('',(-5.30255772955298E-15,-1.,-1.22464679914735E-16));
#2667=CARTESIAN_POINT('',(28.3,-41.,2.));
#2668=CARTESIAN_POINT('',(28.3,-41.,2.99999999999999));
#2669=CARTESIAN_POINT('',(28.3,-41.,2.));
#2670=VECTOR('',#2671,1.);
#2671=DIRECTION('',(0.,0.,1.));
#2672=CARTESIAN_POINT('',(24.,-41.,2.));
#2673=CARTESIAN_POINT('',(24.,-41.,2.));
#2674=VECTOR('',#2675,1.);
#2675=DIRECTION('',(1.,0.,0.));
#2676=CARTESIAN_POINT('',(24.,-41.,5.));
#2677=CARTESIAN_POINT('',(24.,-41.,2.));
#2678=VECTOR('',#2679,1.);
#2679=DIRECTION('',(0.,0.,1.));
#2680=CARTESIAN_POINT('',(22.,-41.,7.));
#2681=AXIS2_PLACEMENT_3D('',#2682,#2683,#2684);
#2682=CARTESIAN_POINT('',(22.,-41.,5.));
#2683=DIRECTION('',(-2.089831575765E-16,-1.,0.));
#2684=DIRECTION('',(1.,-2.089831575765E-16,0.));
#2685=CARTESIAN_POINT('',(-22.,-41.,7.));
#2686=CARTESIAN_POINT('',(-22.,-41.,7.));
#2687=VECTOR('',#2688,1.);
#2688=DIRECTION('',(1.,-1.61486985400023E-16,0.));
#2689=CARTESIAN_POINT('',(-24.,-41.,5.));
#2690=AXIS2_PLACEMENT_3D('',#2691,#2692,#2693);
#2691=CARTESIAN_POINT('',(-22.,-41.,5.));
#2692=DIRECTION('',(-2.089831575765E-16,-1.,0.));
#2693=DIRECTION('',(1.77635683940025E-15,-3.71228661280476E-31,1.));
#2694=CARTESIAN_POINT('',(-24.,-41.,2.));
#2695=CARTESIAN_POINT('',(-24.,-41.,2.));
#2696=VECTOR('',#2697,1.);
#2697=DIRECTION('',(0.,0.,1.));
#2698=CARTESIAN_POINT('',(-28.3,-41.,2.));
#2699=CARTESIAN_POINT('',(-28.3,-41.,2.));
#2700=VECTOR('',#2701,1.);
#2701=DIRECTION('',(1.,0.,0.));
#2702=CARTESIAN_POINT('',(-28.3,-41.,2.99999999999999));
#2703=CARTESIAN_POINT('',(-28.3,-41.,2.));
#2704=VECTOR('',#2705,1.);
#2705=DIRECTION('',(0.,0.,1.));
#2706=CARTESIAN_POINT('',(-28.3,-41.,2.99999999999999));
#2707=VECTOR('',#2708,1.);
#2708=DIRECTION('',(-1.,0.,0.));
#2709=CARTESIAN_POINT('',(-30.65,-41.,0.));
#2710=VECTOR('',#2711,1.);
#2711=DIRECTION('',(1.,-2.31824709872789E-16,0.));
#2712=CARTESIAN_POINT('',(28.3,-41.,2.99999999999999));
#2713=VECTOR('',#2714,1.);
#2714=DIRECTION('',(1.,-3.02358610961744E-15,-1.8897413185109E-16));
#2715=CARTESIAN_POINT('',(28.1,-37.65,2.));
#2716=AXIS2_PLACEMENT_3D('',#2717,#2718,#2719);
#2717=CARTESIAN_POINT('',(30.65,-37.65,1.99999999999999));
#2718=DIRECTION('',(1.22464679914735E-16,-1.22464679914735E-16,1.));
#2719=DIRECTION('',(-1.,1.22464679914735E-16,1.22464679914735E-16));
#2720=CARTESIAN_POINT('',(28.1,-37.65,0.4));
#2721=AXIS2_PLACEMENT_3D('',#2722,#2723,#2724);
#2722=CARTESIAN_POINT('',(30.65,-37.65,0.4));
#2723=DIRECTION('',(0.,0.,1.));
#2724=DIRECTION('',(-1.,0.,0.));
#2725=CARTESIAN_POINT('',(-33.2,-37.65,2.));
#2726=AXIS2_PLACEMENT_3D('',#2727,#2728,#2729);
#2727=CARTESIAN_POINT('',(-30.65,-37.65,2.));
#2728=DIRECTION('',(0.,-1.22464679914735E-16,1.));
#2729=DIRECTION('',(-1.,1.22464679914735E-16,1.49975978266186E-32));
#2730=CARTESIAN_POINT('',(-33.2,-37.65,0.4));
#2731=AXIS2_PLACEMENT_3D('',#2732,#2733,#2734);
#2732=CARTESIAN_POINT('',(-30.65,-37.65,0.4));
#2733=DIRECTION('',(0.,0.,1.));
#2734=DIRECTION('',(-1.,0.,0.));
#2735=CARTESIAN_POINT('',(28.3,-34.3,2.));
#2736=CARTESIAN_POINT('',(27.3,-35.3,2.));
#2737=AXIS2_PLACEMENT_3D('',#2738,#2739,#2740);
#2738=CARTESIAN_POINT('',(28.3,-35.3,2.));
#2739=DIRECTION('',(0.,0.,-1.));
#2740=DIRECTION('',(-1.,0.,0.));
#2741=CARTESIAN_POINT('',(33.,-34.3,2.));
#2742=CARTESIAN_POINT('',(33.,-34.3,2.));
#2743=VECTOR('',#2744,1.);
#2744=DIRECTION('',(-1.,1.51179305480873E-15,0.));
#2745=AXIS2_PLACEMENT_3D('',#2746,#2747,#2748);
#2746=CARTESIAN_POINT('',(33.,-35.3,2.));
#2747=DIRECTION('',(0.,0.,-1.));
#2748=DIRECTION('',(0.,1.,0.));
#2749=CARTESIAN_POINT('',(32.8,-31.,2.));
#2750=CARTESIAN_POINT('',(32.8,-31.,2.));
#2751=VECTOR('',#2752,1.);
#2752=DIRECTION('',(1.,0.,0.));
#2753=CARTESIAN_POINT('',(32.8,31.,2.));
#2754=CARTESIAN_POINT('',(32.8,31.,2.));
#2755=VECTOR('',#2756,1.);
#2756=DIRECTION('',(-1.14603667058081E-16,-1.,0.));
#2757=CARTESIAN_POINT('',(34.,31.,2.));
#2758=VECTOR('',#2759,1.);
#2759=DIRECTION('',(-1.,0.,0.));
#2760=CARTESIAN_POINT('',(33.,34.3,2.));
#2761=AXIS2_PLACEMENT_3D('',#2762,#2763,#2764);
#2762=CARTESIAN_POINT('',(33.,35.3,2.));
#2763=DIRECTION('',(0.,0.,-1.));
#2764=DIRECTION('',(1.,7.105427357601E-15,0.));
#2765=CARTESIAN_POINT('',(28.3,34.3,2.));
#2766=CARTESIAN_POINT('',(33.,34.3,2.));
#2767=VECTOR('',#2768,1.);
#2768=DIRECTION('',(-1.,1.51179305480873E-15,0.));
#2769=CARTESIAN_POINT('',(27.3,35.3,2.));
#2770=AXIS2_PLACEMENT_3D('',#2771,#2772,#2773);
#2771=CARTESIAN_POINT('',(28.3,35.3,2.));
#2772=DIRECTION('',(0.,0.,-1.));
#2773=DIRECTION('',(0.,-1.,0.));
#2774=CARTESIAN_POINT('',(27.3,40.,2.));
#2775=CARTESIAN_POINT('',(27.3,35.3,2.));
#2776=VECTOR('',#2777,1.);
#2777=DIRECTION('',(0.,1.,0.));
#2778=CARTESIAN_POINT('',(28.3,41.,2.));
#2779=AXIS2_PLACEMENT_3D('',#2780,#2781,#2782);
#2780=CARTESIAN_POINT('',(28.3,40.,2.));
#2781=DIRECTION('',(0.,0.,-1.));
#2782=DIRECTION('',(-1.,7.10542735760098E-15,0.));
#2783=CARTESIAN_POINT('',(24.,41.,2.));
#2784=CARTESIAN_POINT('',(28.3,41.,2.));
#2785=VECTOR('',#2786,1.);
#2786=DIRECTION('',(-1.,0.,0.));
#2787=CARTESIAN_POINT('',(24.,39.8,2.));
#2788=CARTESIAN_POINT('',(24.,39.8,2.));
#2789=VECTOR('',#2790,1.);
#2790=DIRECTION('',(0.,1.,0.));
#2791=CARTESIAN_POINT('',(3.15,39.8,2.));
#2792=CARTESIAN_POINT('',(3.15,39.8,2.));
#2793=VECTOR('',#2794,1.);
#2794=DIRECTION('',(1.,0.,0.));
#2795=CARTESIAN_POINT('',(3.15000000000001,36.6,2.));
#2796=AXIS2_PLACEMENT_3D('',#2797,#2798,#2799);
#2797=CARTESIAN_POINT('',(3.15000000000001,38.2,2.));
#2798=DIRECTION('',(0.,0.,-1.));
#2799=DIRECTION('',(-5.55111512312575E-15,1.,0.));
#2800=CARTESIAN_POINT('',(-3.14999999999999,36.6,2.));
#2801=CARTESIAN_POINT('',(-3.14999999999999,36.6,2.));
#2802=VECTOR('',#2803,1.);
#2803=DIRECTION('',(1.,0.,1.40980701539702E-16));
#2804=CARTESIAN_POINT('',(-3.14999999999999,39.8,2.));
#2805=AXIS2_PLACEMENT_3D('',#2806,#2807,#2808);
#2806=CARTESIAN_POINT('',(-3.14999999999999,38.2,2.));
#2807=DIRECTION('',(0.,0.,-1.));
#2808=DIRECTION('',(-2.77555756156289E-16,-1.,0.));
#2809=CARTESIAN_POINT('',(-24.,39.8,2.));
#2810=CARTESIAN_POINT('',(-24.,39.8,2.));
#2811=VECTOR('',#2812,1.);
#2812=DIRECTION('',(1.,3.40787882858561E-16,0.));
#2813=CARTESIAN_POINT('',(-24.,41.,2.));
#2814=CARTESIAN_POINT('',(-24.,41.,2.));
#2815=VECTOR('',#2816,1.);
#2816=DIRECTION('',(0.,-1.,0.));
#2817=CARTESIAN_POINT('',(-28.3,41.,2.));
#2818=CARTESIAN_POINT('',(-24.,41.,2.));
#2819=VECTOR('',#2820,1.);
#2820=DIRECTION('',(-1.,0.,0.));
#2821=CARTESIAN_POINT('',(-27.3,40.,2.));
#2822=AXIS2_PLACEMENT_3D('',#2823,#2824,#2825);
#2823=CARTESIAN_POINT('',(-28.3,40.,2.));
#2824=DIRECTION('',(0.,0.,-1.));
#2825=DIRECTION('',(3.55271367880053E-15,1.,0.));
#2826=CARTESIAN_POINT('',(-27.3,35.3,2.));
#2827=CARTESIAN_POINT('',(-27.3,35.3,2.));
#2828=VECTOR('',#2829,1.);
#2829=DIRECTION('',(0.,1.,0.));
#2830=CARTESIAN_POINT('',(-28.3,34.3,2.));
#2831=AXIS2_PLACEMENT_3D('',#2832,#2833,#2834);
#2832=CARTESIAN_POINT('',(-28.3,35.3,2.));
#2833=DIRECTION('',(0.,0.,-1.));
#2834=DIRECTION('',(1.,0.,0.));
#2835=CARTESIAN_POINT('',(-33.,34.3,2.));
#2836=CARTESIAN_POINT('',(-33.,34.3,2.));
#2837=VECTOR('',#2838,1.);
#2838=DIRECTION('',(1.,-1.51179305480873E-15,0.));
#2839=AXIS2_PLACEMENT_3D('',#2840,#2841,#2842);
#2840=CARTESIAN_POINT('',(-33.,35.3,2.));
#2841=DIRECTION('',(0.,0.,-1.));
#2842=DIRECTION('',(0.,-1.,0.));
#2843=CARTESIAN_POINT('',(-32.8,31.,2.));
#2844=CARTESIAN_POINT('',(-32.8,31.,2.));
#2845=VECTOR('',#2846,1.);
#2846=DIRECTION('',(-1.,0.,0.));
#2847=CARTESIAN_POINT('',(-32.8,-31.,2.));
#2848=CARTESIAN_POINT('',(-32.8,-31.,2.));
#2849=VECTOR('',#2850,1.);
#2850=DIRECTION('',(3.43811001174242E-16,1.,0.));
#2851=CARTESIAN_POINT('',(-34.,-31.,2.));
#2852=VECTOR('',#2853,1.);
#2853=DIRECTION('',(1.,0.,0.));
#2854=CARTESIAN_POINT('',(-33.,-34.3,2.));
#2855=AXIS2_PLACEMENT_3D('',#2856,#2857,#2858);
#2856=CARTESIAN_POINT('',(-33.,-35.3,2.));
#2857=DIRECTION('',(0.,0.,-1.));
#2858=DIRECTION('',(-1.,0.,0.));
#2859=CARTESIAN_POINT('',(-28.3,-34.3,2.));
#2860=CARTESIAN_POINT('',(-33.,-34.3,2.));
#2861=VECTOR('',#2862,1.);
#2862=DIRECTION('',(1.,-1.51179305480873E-15,0.));
#2863=CARTESIAN_POINT('',(-27.3,-35.3,2.));
#2864=AXIS2_PLACEMENT_3D('',#2865,#2866,#2867);
#2865=CARTESIAN_POINT('',(-28.3,-35.3,2.));
#2866=DIRECTION('',(0.,0.,-1.));
#2867=DIRECTION('',(0.,1.,0.));
#2868=CARTESIAN_POINT('',(-27.3,-40.,2.));
#2869=CARTESIAN_POINT('',(-27.3,-35.3,2.));
#2870=VECTOR('',#2871,1.);
#2871=DIRECTION('',(0.,-1.,0.));
#2872=AXIS2_PLACEMENT_3D('',#2873,#2874,#2875);
#2873=CARTESIAN_POINT('',(-28.3,-40.,2.));
#2874=DIRECTION('',(0.,0.,-1.));
#2875=DIRECTION('',(1.,0.,0.));
#2876=CARTESIAN_POINT('',(-24.,-39.8,2.));
#2877=CARTESIAN_POINT('',(-24.,-39.8,2.));
#2878=VECTOR('',#2879,1.);
#2879=DIRECTION('',(0.,-1.,0.));
#2880=CARTESIAN_POINT('',(24.,-39.8,2.));
#2881=CARTESIAN_POINT('',(24.,-39.8,2.));
#2882=VECTOR('',#2883,1.);
#2883=DIRECTION('',(-1.,-1.48029736616688E-16,0.));
#2884=CARTESIAN_POINT('',(24.,-41.,2.));
#2885=VECTOR('',#2886,1.);
#2886=DIRECTION('',(0.,1.,0.));
#2887=CARTESIAN_POINT('',(27.3,-40.,2.));
#2888=AXIS2_PLACEMENT_3D('',#2889,#2890,#2891);
#2889=CARTESIAN_POINT('',(28.3,-40.,2.));
#2890=DIRECTION('',(0.,0.,-1.));
#2891=DIRECTION('',(1.06581410364016E-14,-1.,0.));
#2892=CARTESIAN_POINT('',(27.3,-35.3,2.));
#2893=VECTOR('',#2894,1.);
#2894=DIRECTION('',(0.,-1.,0.));
#2895=CARTESIAN_POINT('',(-31.9,-33.,2.));
#2896=CARTESIAN_POINT('',(-30.9,-34.,2.));
#2897=AXIS2_PLACEMENT_3D('',#2898,#2899,#2900);
#2898=CARTESIAN_POINT('',(-30.9,-33.,2.));
#2899=DIRECTION('',(0.,0.,-1.));
#2900=DIRECTION('',(0.,-1.,0.));
#2901=CARTESIAN_POINT('',(-31.9,33.,2.));
#2902=CARTESIAN_POINT('',(-31.9,33.,2.));
#2903=VECTOR('',#2904,1.);
#2904=DIRECTION('',(-1.07657990266682E-16,-1.,0.));
#2905=CARTESIAN_POINT('',(-30.9,34.,2.));
#2906=AXIS2_PLACEMENT_3D('',#2907,#2908,#2909);
#2907=CARTESIAN_POINT('',(-30.9,33.,2.));
#2908=DIRECTION('',(0.,0.,-1.));
#2909=DIRECTION('',(-1.,7.1054273576009E-15,0.));
#2910=CARTESIAN_POINT('',(28.9,34.,2.));
#2911=CARTESIAN_POINT('',(28.9,34.,2.));
#2912=VECTOR('',#2913,1.);
#2913=DIRECTION('',(-1.,3.56459566434833E-16,0.));
#2914=CARTESIAN_POINT('',(29.9,33.,2.));
#2915=AXIS2_PLACEMENT_3D('',#2916,#2917,#2918);
#2916=CARTESIAN_POINT('',(28.9,33.,2.));
#2917=DIRECTION('',(0.,0.,-1.));
#2918=DIRECTION('',(-3.55271367880055E-15,1.,0.));
#2919=CARTESIAN_POINT('',(29.9,-33.,2.));
#2920=CARTESIAN_POINT('',(29.9,-33.,2.));
#2921=VECTOR('',#2922,1.);
#2922=DIRECTION('',(1.07657990266682E-16,1.,0.));
#2923=CARTESIAN_POINT('',(28.9,-34.,2.));
#2924=AXIS2_PLACEMENT_3D('',#2925,#2926,#2927);
#2925=CARTESIAN_POINT('',(28.9,-33.,2.));
#2926=DIRECTION('',(0.,0.,-1.));
#2927=DIRECTION('',(1.,7.10542735760093E-15,0.));
#2928=CARTESIAN_POINT('',(-30.9,-34.,2.));
#2929=VECTOR('',#2930,1.);
#2930=DIRECTION('',(1.,-1.18819855478278E-16,0.));
#2931=CARTESIAN_POINT('',(27.3,-35.3,2.99999999999999));
#2932=CARTESIAN_POINT('',(27.3,-35.3,1.99999999999999));
#2933=VECTOR('',#2934,1.);
#2934=DIRECTION('',(0.,0.,1.));
#2935=CARTESIAN_POINT('',(27.3,-40.,2.99999999999999));
#2936=CARTESIAN_POINT('',(27.3,-40.,1.99999999999999));
#2937=VECTOR('',#2938,1.);
#2938=DIRECTION('',(0.,0.,1.));
#2939=CARTESIAN_POINT('',(27.3,-35.3,2.99999999999999));
#2940=VECTOR('',#2941,1.);
#2941=DIRECTION('',(0.,-1.,0.));
#2942=CARTESIAN_POINT('',(28.3,-34.3,2.99999999999999));
#2943=CARTESIAN_POINT('',(28.3,-34.3,1.99999999999999));
#2944=VECTOR('',#2945,1.);
#2945=DIRECTION('',(0.,0.,1.));
#2946=CARTESIAN_POINT('',(33.,-34.3,2.99999999999999));
#2947=CARTESIAN_POINT('',(33.,-34.3,2.99999999999999));
#2948=VECTOR('',#2949,1.);
#2949=DIRECTION('',(-1.,0.,0.));
#2950=CARTESIAN_POINT('',(33.,-34.3,1.99999999999999));
#2951=VECTOR('',#2952,1.);
#2952=DIRECTION('',(0.,0.,1.));
#2953=CARTESIAN_POINT('',(-27.3,-35.3,3.));
#2954=CARTESIAN_POINT('',(-27.3,-35.3,2.));
#2955=VECTOR('',#2956,1.);
#2956=DIRECTION('',(0.,0.,1.));
#2957=CARTESIAN_POINT('',(-27.3,-40.,2.99999999999999));
#2958=CARTESIAN_POINT('',(-27.3,-35.3,3.));
#2959=VECTOR('',#2960,1.);
#2960=DIRECTION('',(0.,-1.,-9.44870659255455E-17));
#2961=CARTESIAN_POINT('',(-27.3,-40.,2.));
#2962=VECTOR('',#2963,1.);
#2963=DIRECTION('',(0.,0.,1.));
#2964=CARTESIAN_POINT('',(-28.3,-34.3,3.));
#2965=CARTESIAN_POINT('',(-28.3,-34.3,2.));
#2966=VECTOR('',#2967,1.);
#2967=DIRECTION('',(0.,0.,1.));
#2968=CARTESIAN_POINT('',(-33.,-34.3,3.));
#2969=CARTESIAN_POINT('',(-33.,-34.3,2.));
#2970=VECTOR('',#2971,1.);
#2971=DIRECTION('',(0.,0.,1.));
#2972=CARTESIAN_POINT('',(-33.,-34.3,3.));
#2973=VECTOR('',#2974,1.);
#2974=DIRECTION('',(1.,0.,0.));
#2975=CARTESIAN_POINT('',(33.,34.3,3.));
#2976=AXIS2_PLACEMENT_3D('',#2977,#2978,#2979);
#2977=CARTESIAN_POINT('',(33.,35.3,3.));
#2978=DIRECTION('',(1.22464679914735E-16,0.,1.));
#2979=DIRECTION('',(0.,-1.,0.));
#2980=CARTESIAN_POINT('',(33.,34.3,2.));
#2981=VECTOR('',#2982,1.);
#2982=DIRECTION('',(0.,0.,1.));
#2983=CARTESIAN_POINT('',(32.8,31.,5.));
#2984=CARTESIAN_POINT('',(34.,31.,5.));
#2985=VECTOR('',#2986,1.);
#2986=DIRECTION('',(-1.,0.,0.));
#2987=CARTESIAN_POINT('',(32.8,31.,2.));
#2988=VECTOR('',#2989,1.);
#2989=DIRECTION('',(0.,0.,1.));
#2990=CARTESIAN_POINT('',(32.8,29.,7.));
#2991=AXIS2_PLACEMENT_3D('',#2992,#2993,#2994);
#2992=CARTESIAN_POINT('',(32.8,29.,5.));
#2993=DIRECTION('',(-1.,1.06742654201426E-16,0.));
#2994=DIRECTION('',(-1.89613043846439E-31,-1.77635683940025E-15,1.));
#2995=CARTESIAN_POINT('',(34.,29.,7.));
#2996=VECTOR('',#2997,1.);
#2997=DIRECTION('',(-1.,0.,0.));
#2998=CARTESIAN_POINT('',(32.8,-29.,7.));
#2999=CARTESIAN_POINT('',(32.8,-29.,7.));
#3000=VECTOR('',#3001,1.);
#3001=DIRECTION('',(1.,0.,0.));
#3002=CARTESIAN_POINT('',(32.8,29.,7.));
#3003=VECTOR('',#3004,1.);
#3004=DIRECTION('',(0.,-1.,0.));
#3005=CARTESIAN_POINT('',(32.8,-31.,5.));
#3006=CARTESIAN_POINT('',(32.8,-31.,5.));
#3007=VECTOR('',#3008,1.);
#3008=DIRECTION('',(1.,0.,0.));
#3009=AXIS2_PLACEMENT_3D('',#3010,#3011,#3012);
#3010=CARTESIAN_POINT('',(32.8,-29.,5.));
#3011=DIRECTION('',(-1.,1.06742654201426E-16,0.));
#3012=DIRECTION('',(-1.06742654201426E-16,-1.,0.));
#3013=CARTESIAN_POINT('',(32.8,-31.,2.));
#3014=VECTOR('',#3015,1.);
#3015=DIRECTION('',(0.,0.,1.));
#3016=AXIS2_PLACEMENT_3D('',#3017,#3018,#3019);
#3017=CARTESIAN_POINT('',(28.3,-35.3,2.99999999999999));
#3018=DIRECTION('',(1.22464679914735E-16,-1.22464679914735E-16,1.));
#3019=DIRECTION('',(-3.5527136788005E-15,1.,1.22464679914736E-16));
#3020=AXIS2_PLACEMENT_3D('',#3021,#3022,#3023);
#3021=CARTESIAN_POINT('',(28.3,-40.,2.99999999999999));
#3022=DIRECTION('',(1.22464679914735E-16,-1.22464679914735E-16,1.));
#3023=DIRECTION('',(-1.,-1.49975978266186E-32,1.22464679914735E-16));
#3024=AXIS2_PLACEMENT_3D('',#3025,#3026,#3027);
#3025=CARTESIAN_POINT('',(33.,-35.3,2.99999999999999));
#3026=DIRECTION('',(1.22464679914735E-16,-1.22464679914735E-16,1.));
#3027=DIRECTION('',(1.,1.49975978266186E-32,-1.22464679914735E-16));
#3028=CARTESIAN_POINT('',(30.65,41.,0.));
#3029=AXIS2_PLACEMENT_3D('',#3030,#3031,#3032);
#3030=CARTESIAN_POINT('',(30.65,37.65,0.));
#3031=DIRECTION('',(0.,0.,-1.));
#3032=DIRECTION('',(0.,1.,0.));
#3033=CARTESIAN_POINT('',(-30.65,41.,0.));
#3034=AXIS2_PLACEMENT_3D('',#3035,#3036,#3037);
#3035=CARTESIAN_POINT('',(-30.65,37.65,0.));
#3036=DIRECTION('',(0.,0.,-1.));
#3037=DIRECTION('',(-1.,2.1210230918212E-15,0.));
#3038=CARTESIAN_POINT('',(30.65,41.,0.));
#3039=VECTOR('',#3040,1.);
#3040=DIRECTION('',(-1.,3.47737064809184E-16,0.));
#3041=CARTESIAN_POINT('',(-33.6,37.65,0.));
#3042=AXIS2_PLACEMENT_3D('',#3043,#3044,#3045);
#3043=CARTESIAN_POINT('',(-30.65,37.65,0.));
#3044=DIRECTION('',(0.,0.,1.));
#3045=DIRECTION('',(-1.,1.22464679914735E-16,0.));
#3046=CARTESIAN_POINT('',(-33.6,-37.65,0.));
#3047=AXIS2_PLACEMENT_3D('',#3048,#3049,#3050);
#3048=CARTESIAN_POINT('',(-30.65,-37.65,0.));
#3049=DIRECTION('',(0.,0.,1.));
#3050=DIRECTION('',(-1.,1.22464679914735E-16,0.));
#3051=CARTESIAN_POINT('',(3.15000000000001,39.8,3.70074341541719E-16));
#3052=CARTESIAN_POINT('',(3.15000000000001,36.6,-8.88178419700125E-16));
#3053=AXIS2_PLACEMENT_3D('',#3054,#3055,#3056);
#3054=CARTESIAN_POINT('',(3.15000000000001,38.2,0.));
#3055=DIRECTION('',(0.,0.,1.));
#3056=DIRECTION('',(-5.55111512312578E-16,-1.,0.));
#3057=CARTESIAN_POINT('',(-3.14999999999999,39.8,3.70074341541719E-16));
#3058=CARTESIAN_POINT('',(3.15000000000001,39.8,0.));
#3059=VECTOR('',#3060,1.);
#3060=DIRECTION('',(-1.,0.,0.));
#3061=CARTESIAN_POINT('',(-3.14999999999999,36.6,-1.48029736616688E-15));
#3062=AXIS2_PLACEMENT_3D('',#3063,#3064,#3065);
#3063=CARTESIAN_POINT('',(-3.14999999999999,38.2,0.));
#3064=DIRECTION('',(0.,0.,1.));
#3065=DIRECTION('',(2.77555756156289E-16,1.,0.));
#3066=CARTESIAN_POINT('',(-3.14999999999999,36.6,0.));
#3067=VECTOR('',#3068,1.);
#3068=DIRECTION('',(1.,0.,0.));
#3069=CARTESIAN_POINT('',(27.7,-37.65,0.));
#3070=AXIS2_PLACEMENT_3D('',#3071,#3072,#3073);
#3071=CARTESIAN_POINT('',(30.65,-37.65,0.));
#3072=DIRECTION('',(0.,0.,1.));
#3073=DIRECTION('',(-1.,1.22464679914735E-16,0.));
#3074=CARTESIAN_POINT('',(27.7,37.65,0.));
#3075=AXIS2_PLACEMENT_3D('',#3076,#3077,#3078);
#3076=CARTESIAN_POINT('',(30.65,37.65,0.));
#3077=DIRECTION('',(0.,0.,1.));
#3078=DIRECTION('',(-1.,1.22464679914735E-16,0.));
#3079=CARTESIAN_POINT('',(30.65,41.,3.));
#3080=CARTESIAN_POINT('',(30.65,41.,0.));
#3081=VECTOR('',#3082,1.);
#3082=DIRECTION('',(3.55271367880051E-15,0.,1.));
#3083=AXIS2_PLACEMENT_3D('',#3084,#3085,#3086);
#3084=CARTESIAN_POINT('',(30.65,37.65,3.));
#3085=DIRECTION('',(-1.22464679914735E-16,0.,-1.));
#3086=DIRECTION('',(5.30255772955298E-15,1.,-6.49376035079112E-31));
#3087=CARTESIAN_POINT('',(28.3,34.3,3.));
#3088=CARTESIAN_POINT('',(27.3,35.3,3.));
#3089=AXIS2_PLACEMENT_3D('',#3090,#3091,#3092);
#3090=CARTESIAN_POINT('',(28.3,35.3,3.));
#3091=DIRECTION('',(1.22464679914735E-16,0.,1.));
#3092=DIRECTION('',(-1.,0.,1.22464679914735E-16));
#3093=CARTESIAN_POINT('',(33.,34.3,3.));
#3094=VECTOR('',#3095,1.);
#3095=DIRECTION('',(-1.,0.,9.44870659255453E-17));
#3096=CARTESIAN_POINT('',(28.3,41.,3.));
#3097=CARTESIAN_POINT('',(28.3,41.,3.));
#3098=VECTOR('',#3099,1.);
#3099=DIRECTION('',(1.,0.,0.));
#3100=CARTESIAN_POINT('',(27.3,40.,3.));
#3101=AXIS2_PLACEMENT_3D('',#3102,#3103,#3104);
#3102=CARTESIAN_POINT('',(28.3,40.,3.));
#3103=DIRECTION('',(1.22464679914735E-16,0.,1.));
#3104=DIRECTION('',(0.,1.,0.));
#3105=CARTESIAN_POINT('',(27.3,35.3,3.));
#3106=VECTOR('',#3107,1.);
#3107=DIRECTION('',(0.,1.,0.));
#3108=CARTESIAN_POINT('',(-33.,34.3,3.));
#3109=CARTESIAN_POINT('',(-33.,34.3,2.));
#3110=VECTOR('',#3111,1.);
#3111=DIRECTION('',(0.,0.,1.));
#3112=AXIS2_PLACEMENT_3D('',#3113,#3114,#3115);
#3113=CARTESIAN_POINT('',(-33.,35.3,3.));
#3114=DIRECTION('',(0.,0.,1.));
#3115=DIRECTION('',(-1.,0.,0.));
#3116=CARTESIAN_POINT('',(-27.3,35.3,3.));
#3117=CARTESIAN_POINT('',(-28.3,34.3,3.));
#3118=AXIS2_PLACEMENT_3D('',#3119,#3120,#3121);
#3119=CARTESIAN_POINT('',(-28.3,35.3,3.));
#3120=DIRECTION('',(0.,0.,1.));
#3121=DIRECTION('',(3.5527136788005E-15,-1.,0.));
#3122=CARTESIAN_POINT('',(-27.3,40.,3.));
#3123=CARTESIAN_POINT('',(-27.3,35.3,3.));
#3124=VECTOR('',#3125,1.);
#3125=DIRECTION('',(0.,1.,0.));
#3126=CARTESIAN_POINT('',(-28.3,41.,3.));
#3127=AXIS2_PLACEMENT_3D('',#3128,#3129,#3130);
#3128=CARTESIAN_POINT('',(-28.3,40.,3.));
#3129=DIRECTION('',(0.,0.,1.));
#3130=DIRECTION('',(1.,0.,0.));
#3131=CARTESIAN_POINT('',(-30.65,41.,3.));
#3132=CARTESIAN_POINT('',(-28.3,41.,3.));
#3133=VECTOR('',#3134,1.);
#3134=DIRECTION('',(-1.,3.02358610961744E-15,0.));
#3135=AXIS2_PLACEMENT_3D('',#3136,#3137,#3138);
#3136=CARTESIAN_POINT('',(-30.65,37.65,3.));
#3137=DIRECTION('',(0.,0.,1.));
#3138=DIRECTION('',(-5.30255772955298E-15,1.,0.));
#3139=CARTESIAN_POINT('',(-33.,34.3,3.));
#3140=VECTOR('',#3141,1.);
#3141=DIRECTION('',(1.,0.,0.));
#3142=CARTESIAN_POINT('',(-30.65,41.,0.));
#3143=VECTOR('',#3144,1.);
#3144=DIRECTION('',(0.,0.,1.));
#3145=AXIS2_PLACEMENT_3D('',#3146,#3147,#3148);
#3146=CARTESIAN_POINT('',(-28.3,-35.3,3.));
#3147=DIRECTION('',(0.,-1.22464679914735E-16,1.));
#3148=DIRECTION('',(1.,0.,0.));
#3149=AXIS2_PLACEMENT_3D('',#3150,#3151,#3152);
#3150=CARTESIAN_POINT('',(-33.,-35.3,3.));
#3151=DIRECTION('',(0.,-1.22464679914735E-16,1.));
#3152=DIRECTION('',(0.,1.,1.22464679914735E-16));
#3153=AXIS2_PLACEMENT_3D('',#3154,#3155,#3156);
#3154=CARTESIAN_POINT('',(-28.3,-40.,3.));
#3155=DIRECTION('',(0.,-1.22464679914735E-16,1.));
#3156=DIRECTION('',(0.,-1.,-1.22464679914735E-16));
#3157=CARTESIAN_POINT('',(-32.8,-31.,5.));
#3158=CARTESIAN_POINT('',(-34.,-31.,5.));
#3159=VECTOR('',#3160,1.);
#3160=DIRECTION('',(1.,0.,0.));
#3161=CARTESIAN_POINT('',(-32.8,-31.,2.));
#3162=VECTOR('',#3163,1.);
#3163=DIRECTION('',(0.,0.,1.));
#3164=CARTESIAN_POINT('',(-32.8,-29.,7.));
#3165=AXIS2_PLACEMENT_3D('',#3166,#3167,#3168);
#3166=CARTESIAN_POINT('',(-32.8,-29.,5.));
#3167=DIRECTION('',(1.,-2.29207334116161E-16,0.));
#3168=DIRECTION('',(0.,0.,1.));
#3169=CARTESIAN_POINT('',(-34.,-29.,7.));
#3170=VECTOR('',#3171,1.);
#3171=DIRECTION('',(1.,0.,0.));
#3172=CARTESIAN_POINT('',(-32.8,29.,7.));
#3173=CARTESIAN_POINT('',(-32.8,-29.,7.));
#3174=VECTOR('',#3175,1.);
#3175=DIRECTION('',(0.,1.,0.));
#3176=CARTESIAN_POINT('',(-32.8,29.,7.));
#3177=VECTOR('',#3178,1.);
#3178=DIRECTION('',(-1.,0.,0.));
#3179=CARTESIAN_POINT('',(-32.8,31.,5.));
#3180=CARTESIAN_POINT('',(-32.8,31.,5.));
#3181=VECTOR('',#3182,1.);
#3182=DIRECTION('',(-1.,0.,0.));
#3183=AXIS2_PLACEMENT_3D('',#3184,#3185,#3186);
#3184=CARTESIAN_POINT('',(-32.8,29.,5.));
#3185=DIRECTION('',(1.,-2.29207334116161E-16,0.));
#3186=DIRECTION('',(2.29207334116161E-16,1.,0.));
#3187=CARTESIAN_POINT('',(-32.8,31.,2.));
#3188=VECTOR('',#3189,1.);
#3189=DIRECTION('',(0.,0.,1.));
#3190=CARTESIAN_POINT('',(24.,-39.8,5.));
#3191=CARTESIAN_POINT('',(24.,-41.,5.));
#3192=VECTOR('',#3193,1.);
#3193=DIRECTION('',(0.,1.,0.));
#3194=CARTESIAN_POINT('',(22.,-39.8,7.));
#3195=AXIS2_PLACEMENT_3D('',#3196,#3197,#3198);
#3196=CARTESIAN_POINT('',(22.,-39.8,5.));
#3197=DIRECTION('',(0.,1.,0.));
#3198=DIRECTION('',(0.,0.,1.));
#3199=CARTESIAN_POINT('',(22.,-41.,7.));
#3200=VECTOR('',#3201,1.);
#3201=DIRECTION('',(2.96059473233374E-15,1.,0.));
#3202=CARTESIAN_POINT('',(-22.,-39.8,7.));
#3203=CARTESIAN_POINT('',(22.,-39.8,7.));
#3204=VECTOR('',#3205,1.);
#3205=DIRECTION('',(-1.,0.,0.));
#3206=CARTESIAN_POINT('',(-22.,-39.8,7.));
#3207=VECTOR('',#3208,1.);
#3208=DIRECTION('',(-2.96059473233374E-15,-1.,0.));
#3209=CARTESIAN_POINT('',(-24.,-39.8,5.));
#3210=CARTESIAN_POINT('',(-24.,-39.8,5.));
#3211=VECTOR('',#3212,1.);
#3212=DIRECTION('',(0.,-1.,0.));
#3213=AXIS2_PLACEMENT_3D('',#3214,#3215,#3216);
#3214=CARTESIAN_POINT('',(-22.,-39.8,5.));
#3215=DIRECTION('',(0.,1.,0.));
#3216=DIRECTION('',(-1.,0.,0.));
#3217=CARTESIAN_POINT('',(-24.,-39.8,2.));
#3218=VECTOR('',#3219,1.);
#3219=DIRECTION('',(0.,0.,1.));
#3220=CARTESIAN_POINT('',(24.,-39.8,2.));
#3221=VECTOR('',#3222,1.);
#3222=DIRECTION('',(0.,0.,1.));
#3223=CARTESIAN_POINT('',(28.3,34.3,2.));
#3224=VECTOR('',#3225,1.);
#3225=DIRECTION('',(0.,0.,1.));
#3226=CARTESIAN_POINT('',(27.3,35.3,2.));
#3227=VECTOR('',#3228,1.);
#3228=DIRECTION('',(0.,0.,1.));
#3229=CARTESIAN_POINT('',(27.3,40.,2.));
#3230=VECTOR('',#3231,1.);
#3231=DIRECTION('',(0.,0.,1.));
#3232=CARTESIAN_POINT('',(28.3,41.,2.));
#3233=VECTOR('',#3234,1.);
#3234=DIRECTION('',(0.,0.,1.));
#3235=CARTESIAN_POINT('',(-28.3,41.,2.));
#3236=VECTOR('',#3237,1.);
#3237=DIRECTION('',(0.,0.,1.));
#3238=CARTESIAN_POINT('',(-24.,41.,5.));
#3239=CARTESIAN_POINT('',(-24.,41.,2.));
#3240=VECTOR('',#3241,1.);
#3241=DIRECTION('',(-1.1842378929335E-15,0.,1.));
#3242=CARTESIAN_POINT('',(-22.,41.,7.));
#3243=AXIS2_PLACEMENT_3D('',#3244,#3245,#3246);
#3244=CARTESIAN_POINT('',(-22.,41.,5.));
#3245=DIRECTION('',(2.089831575765E-16,1.,0.));
#3246=DIRECTION('',(-1.,2.089831575765E-16,0.));
#3247=CARTESIAN_POINT('',(22.,41.,7.));
#3248=CARTESIAN_POINT('',(22.,41.,7.));
#3249=VECTOR('',#3250,1.);
#3250=DIRECTION('',(-1.,1.61486985400023E-16,0.));
#3251=CARTESIAN_POINT('',(24.,41.,5.));
#3252=AXIS2_PLACEMENT_3D('',#3253,#3254,#3255);
#3253=CARTESIAN_POINT('',(22.,41.,5.));
#3254=DIRECTION('',(2.089831575765E-16,1.,0.));
#3255=DIRECTION('',(-1.77635683940025E-15,3.71228661280476E-31,1.));
#3256=CARTESIAN_POINT('',(24.,41.,2.));
#3257=VECTOR('',#3258,1.);
#3258=DIRECTION('',(0.,0.,1.));
#3259=CARTESIAN_POINT('',(24.,39.8,5.));
#3260=CARTESIAN_POINT('',(24.,39.8,5.));
#3261=VECTOR('',#3262,1.);
#3262=DIRECTION('',(0.,1.,0.));
#3263=CARTESIAN_POINT('',(24.,39.8,2.));
#3264=VECTOR('',#3265,1.);
#3265=DIRECTION('',(0.,0.,1.));
#3266=CARTESIAN_POINT('',(3.15000000000001,39.8,6.66133814775094E-16));
#3267=VECTOR('',#3268,1.);
#3268=DIRECTION('',(0.,0.,1.));
#3269=CARTESIAN_POINT('',(22.,39.8,7.));
#3270=AXIS2_PLACEMENT_3D('',#3271,#3272,#3273);
#3271=CARTESIAN_POINT('',(22.,39.8,5.));
#3272=DIRECTION('',(1.22464679914735E-16,-1.,0.));
#3273=DIRECTION('',(1.,1.22464679914735E-16,0.));
#3274=CARTESIAN_POINT('',(-22.,39.8,7.));
#3275=CARTESIAN_POINT('',(-22.,39.8,7.));
#3276=VECTOR('',#3277,1.);
#3277=DIRECTION('',(1.,3.22973970800046E-16,0.));
#3278=CARTESIAN_POINT('',(-24.,39.8,5.));
#3279=AXIS2_PLACEMENT_3D('',#3280,#3281,#3282);
#3280=CARTESIAN_POINT('',(-22.,39.8,5.));
#3281=DIRECTION('',(1.22464679914735E-16,-1.,0.));
#3282=DIRECTION('',(0.,0.,1.));
#3283=CARTESIAN_POINT('',(-24.,39.8,2.));
#3284=VECTOR('',#3285,1.);
#3285=DIRECTION('',(0.,0.,1.));
#3286=CARTESIAN_POINT('',(-3.14999999999999,39.8,-1.11022302462516E-15));
#3287=VECTOR('',#3288,1.);
#3288=DIRECTION('',(-2.22044604925031E-16,0.,1.));
#3289=CARTESIAN_POINT('',(3.15000000000001,36.6,-2.22044604925031E-15));
#3290=VECTOR('',#3291,1.);
#3291=DIRECTION('',(0.,0.,1.));
#3292=CARTESIAN_POINT('',(-3.14999999999999,36.6,-2.66453525910038E-15));
#3293=VECTOR('',#3294,1.);
#3294=DIRECTION('',(0.,0.,1.));
#3295=CARTESIAN_POINT('',(-24.,41.,5.));
#3296=VECTOR('',#3297,1.);
#3297=DIRECTION('',(0.,-1.,0.));
#3298=CARTESIAN_POINT('',(-27.3,40.,2.));
#3299=VECTOR('',#3300,1.);
#3300=DIRECTION('',(0.,0.,1.));
#3301=CARTESIAN_POINT('',(-27.3,35.3,2.));
#3302=VECTOR('',#3303,1.);
#3303=DIRECTION('',(0.,0.,1.));
#3304=CARTESIAN_POINT('',(-28.3,34.3,2.));
#3305=VECTOR('',#3306,1.);
#3306=DIRECTION('',(0.,0.,1.));
#3307=CARTESIAN_POINT('',(-31.9,-33.,1.));
#3308=CARTESIAN_POINT('',(-31.9,-33.,1.));
#3309=VECTOR('',#3310,1.);
#3310=DIRECTION('',(0.,0.,1.));
#3311=CARTESIAN_POINT('',(-30.9,-34.,1.));
#3312=CARTESIAN_POINT('',(-30.9,-34.,1.));
#3313=VECTOR('',#3314,1.);
#3314=DIRECTION('',(0.,0.,1.));
#3315=AXIS2_PLACEMENT_3D('',#3316,#3317,#3318);
#3316=CARTESIAN_POINT('',(-30.9,-33.,1.));
#3317=DIRECTION('',(0.,0.,1.));
#3318=DIRECTION('',(-1.,0.,0.));
#3319=CARTESIAN_POINT('',(-31.9,33.,1.));
#3320=CARTESIAN_POINT('',(-31.9,33.,1.));
#3321=VECTOR('',#3322,1.);
#3322=DIRECTION('',(-1.07657990266682E-16,-1.,0.));
#3323=CARTESIAN_POINT('',(-31.9,33.,1.));
#3324=VECTOR('',#3325,1.);
#3325=DIRECTION('',(0.,0.,1.));
#3326=CARTESIAN_POINT('',(-30.9,34.,1.));
#3327=CARTESIAN_POINT('',(-30.9,34.,1.));
#3328=VECTOR('',#3329,1.);
#3329=DIRECTION('',(0.,0.,1.));
#3330=AXIS2_PLACEMENT_3D('',#3331,#3332,#3333);
#3331=CARTESIAN_POINT('',(-30.9,33.,1.));
#3332=DIRECTION('',(0.,0.,1.));
#3333=DIRECTION('',(1.06581410364014E-14,1.,0.));
#3334=CARTESIAN_POINT('',(28.9,34.,1.));
#3335=CARTESIAN_POINT('',(28.9,34.,1.));
#3336=VECTOR('',#3337,1.);
#3337=DIRECTION('',(0.,0.,1.));
#3338=CARTESIAN_POINT('',(-30.5,34.,1.));
#3339=CARTESIAN_POINT('',(-30.5,34.,1.));
#3340=VECTOR('',#3341,1.);
#3341=DIRECTION('',(-1.,0.,0.));
#3342=CARTESIAN_POINT('',(-30.5,34.,0.6));
#3343=CARTESIAN_POINT('',(-30.5,34.,0.6));
#3344=VECTOR('',#3345,1.);
#3345=DIRECTION('',(-8.88178419700125E-15,0.,1.));
#3346=CARTESIAN_POINT('',(28.5,34.,0.6));
#3347=CARTESIAN_POINT('',(28.5,34.,0.6));
#3348=VECTOR('',#3349,1.);
#3349=DIRECTION('',(-1.,1.20430972162729E-16,0.));
#3350=CARTESIAN_POINT('',(28.5,34.,1.));
#3351=CARTESIAN_POINT('',(28.5,34.,0.6));
#3352=VECTOR('',#3353,1.);
#3353=DIRECTION('',(0.,0.,1.));
#3354=CARTESIAN_POINT('',(28.9,34.,1.));
#3355=VECTOR('',#3356,1.);
#3356=DIRECTION('',(-1.,0.,0.));
#3357=CARTESIAN_POINT('',(29.9,33.,1.));
#3358=CARTESIAN_POINT('',(29.9,33.,1.));
#3359=VECTOR('',#3360,1.);
#3360=DIRECTION('',(0.,0.,1.));
#3361=AXIS2_PLACEMENT_3D('',#3362,#3363,#3364);
#3362=CARTESIAN_POINT('',(28.9,33.,1.));
#3363=DIRECTION('',(0.,0.,1.));
#3364=DIRECTION('',(1.,2.1316282072803E-14,0.));
#3365=CARTESIAN_POINT('',(29.9,-33.,1.));
#3366=CARTESIAN_POINT('',(29.9,-33.,1.));
#3367=VECTOR('',#3368,1.);
#3368=DIRECTION('',(0.,0.,1.));
#3369=CARTESIAN_POINT('',(29.9,-33.,1.));
#3370=VECTOR('',#3371,1.);
#3371=DIRECTION('',(1.07657990266682E-16,1.,0.));
#3372=CARTESIAN_POINT('',(28.9,-34.,1.));
#3373=CARTESIAN_POINT('',(28.9,-34.,1.));
#3374=VECTOR('',#3375,1.);
#3375=DIRECTION('',(0.,0.,1.));
#3376=AXIS2_PLACEMENT_3D('',#3377,#3378,#3379);
#3377=CARTESIAN_POINT('',(28.9,-33.,1.));
#3378=DIRECTION('',(0.,0.,1.));
#3379=DIRECTION('',(-7.10542735760105E-15,-1.,0.));
#3380=CARTESIAN_POINT('',(28.5,-34.,1.));
#3381=CARTESIAN_POINT('',(28.5,-34.,1.));
#3382=VECTOR('',#3383,1.);
#3383=DIRECTION('',(1.,0.,0.));
#3384=CARTESIAN_POINT('',(28.5,-34.,0.6));
#3385=CARTESIAN_POINT('',(28.5,-34.,0.6));
#3386=VECTOR('',#3387,1.);
#3387=DIRECTION('',(8.88178419700125E-15,0.,1.));
#3388=CARTESIAN_POINT('',(-30.5,-34.,0.6));
#3389=CARTESIAN_POINT('',(-30.5,-34.,0.6));
#3390=VECTOR('',#3391,1.);
#3391=DIRECTION('',(1.,0.,0.));
#3392=CARTESIAN_POINT('',(-30.5,-34.,1.));
#3393=CARTESIAN_POINT('',(-30.5,-34.,0.6));
#3394=VECTOR('',#3395,1.);
#3395=DIRECTION('',(0.,0.,1.));
#3396=CARTESIAN_POINT('',(-30.9,-34.,1.));
#3397=VECTOR('',#3398,1.);
#3398=DIRECTION('',(1.,0.,0.));
#3399=CARTESIAN_POINT('',(28.1,37.65,2.));
#3400=AXIS2_PLACEMENT_3D('',#3401,#3402,#3403);
#3401=CARTESIAN_POINT('',(30.65,37.65,2.));
#3402=DIRECTION('',(1.22464679914735E-16,0.,1.));
#3403=DIRECTION('',(-1.,1.22464679914735E-16,1.22464679914735E-16));
#3404=CARTESIAN_POINT('',(28.1,37.65,0.4));
#3405=AXIS2_PLACEMENT_3D('',#3406,#3407,#3408);
#3406=CARTESIAN_POINT('',(30.65,37.65,0.4));
#3407=DIRECTION('',(0.,0.,1.));
#3408=DIRECTION('',(-1.,0.,0.));
#3409=CARTESIAN_POINT('',(-33.2,37.65,2.));
#3410=AXIS2_PLACEMENT_3D('',#3411,#3412,#3413);
#3411=CARTESIAN_POINT('',(-30.65,37.65,2.));
#3412=DIRECTION('',(0.,0.,1.));
#3413=DIRECTION('',(-1.,1.22464679914735E-16,0.));
#3414=CARTESIAN_POINT('',(-33.2,37.65,0.4));
#3415=AXIS2_PLACEMENT_3D('',#3416,#3417,#3418);
#3416=CARTESIAN_POINT('',(-30.65,37.65,0.4));
#3417=DIRECTION('',(0.,0.,1.));
#3418=DIRECTION('',(-1.,0.,0.));
#3419=CARTESIAN_POINT('',(-22.,41.,7.));
#3420=VECTOR('',#3421,1.);
#3421=DIRECTION('',(0.,-1.,0.));
#3422=CARTESIAN_POINT('',(22.,39.8,7.));
#3423=VECTOR('',#3424,1.);
#3424=DIRECTION('',(0.,1.,0.));
#3425=CARTESIAN_POINT('',(-30.5,-34.,1.));
#3426=VECTOR('',#3427,1.);
#3427=DIRECTION('',(1.0449157878825E-16,1.,0.));
#3428=CARTESIAN_POINT('',(-30.5,34.,0.6));
#3429=VECTOR('',#3430,1.);
#3430=DIRECTION('',(-1.0449157878825E-16,-1.,0.));
#3431=CARTESIAN_POINT('',(28.5,-34.,0.6));
#3432=VECTOR('',#3433,1.);
#3433=DIRECTION('',(1.0449157878825E-16,1.,0.));
#3434=CARTESIAN_POINT('',(28.5,34.,1.));
#3435=VECTOR('',#3436,1.);
#3436=DIRECTION('',(-1.0449157878825E-16,-1.,0.));
ENDSEC;
END-ISO-10303-21;
